0.12487499999999999;0.12671679168131572-0.051127465465632654j;0.13790905005077533-0.05097837000076259j;0.12200208065913602-0.051107661823101176j
0.24974999999999997;0.09751361169903078-0.09430498821915803j;0.10874210392581174-0.09404415645313104j;0.09285102108867124-0.09431915602868468j
0.374625;0.05395398130792999-0.1228443283124697j;0.0651961481171972-0.1225264791728636j;0.049311043578625466-0.12297126216071103j
0.49949999999999994;0.002842441923480127-0.1323754403720344j;0.014025508346677026-0.13203929395882616j;-0.0018855769883726614-0.13267094174871935j
0.6243749999999999;-0.0478760883793936-0.12152668907642877j;-0.03686160880025249-0.1211597268548889j;-0.05284678249346769-0.12197287793627626j
0.74925;-0.0903811927402812-0.09212048141947456j;-0.07964706633104954-0.09163491368991455j;-0.09575549139018792-0.09259116132787659j
0.8741249999999999;-0.11821145188254596-0.048856128425940615j;-0.10782462718132427-0.048087060180802464j;-0.12408587472467561-0.049114101982932284j
0.9989999999999999;-0.12726895243922942+0.0014637050309594113j;-0.11720530991141379+0.00273250275036363j;-0.13360896804539113+0.0017296493129818347j
1.123875;-0.11643419808760604+0.05103268080697246j;-0.10654825318972953+0.05301758433644621j;-0.12303051993009298+0.052134116562150015j
1.2487499999999998;-0.08769751280429161+0.09228458046435553j;-0.07772098279504308+0.09513548671689472j;-0.09416390136521509+0.09443754069515364j
1.3736249999999999;-0.04579342040175609+0.11907849327394146j;-0.035369474556831745+0.12281279594920741j;-0.05161582565958993+0.122308299803087j
1.4985;0.002594209883444042+0.1276357021031896j;0.013842919268538877+0.13209141693764154j;-0.002040209546959826+0.13170927170786587j
1.6233749999999998;0.04992008129646909+0.11708288327669296j;0.062300636277223445+0.12190731726263052j;0.046916844205723715+0.12149212685337617j
1.7482499999999999;0.08897743352789377+0.08952306480419359j;0.10263189071171733+0.0942071523539161j;0.08781112649997821+0.09353402735551497j
1.8731249999999997;0.11401546366038187+0.04963446698497373j;0.12884471689031554+0.05359300782170426j;0.11454433543120826+0.052402736917421526j
1.9979999999999998;0.12159779195894721+0.003873583248119969j;0.13722571552658436+0.006560733038590123j;0.12328045478832343+0.004610616573557297j
2.1228749999999996;0.11107247637301446-0.04057936460400319j;0.12686580096183372-0.0395399654205097j;0.11299600350922155-0.04241846565910065j
2.24775;0.0845905361489355-0.07695710457839512j;0.09973936203390764-0.07765442156233932j;0.0855860558087207-0.08150313276454307j
2.3726249999999998;0.04668452703461265-0.0999412375537315j;0.06033555048189959-0.10209900705979097j;0.04551911466967791-0.10679787894655343j
2.4974999999999996;0.0034888246829377586-0.10643678821674302j;0.014910856565393649-0.10939867151309145j;-0.0008956325797365048-0.1146583238020641j
2.622375;-0.03826239846050665-0.09597268165985401j;-0.029510623282056645-0.09876271949097579j;-0.04650649482215265-0.10415035624031198j
2.7472499999999997;-0.07229341687523408-0.07067918651796626j;-0.06622721564516924-0.07213578431174086j;-0.08442294438554418-0.07713397542487285j
2.8721249999999996;-0.09373307259167789-0.03486282108498669j;-0.08986933396058898-0.03382912241223241j;-0.10905302847446872-0.03792013018168637j
2.997;-0.09980560364012464+0.00573803379056248j;-0.09717620912978214+0.010197750828763348j;-0.11691819632952255+0.007435365027247259j
3.1218749999999997;-0.09016960541085711+0.0448868380134687j;-0.08742882273954533+0.05328354831214027j;-0.10712816092095447+0.052083246570649645j
3.2467499999999996;-0.0668686811993484+0.07681835350715432j;-0.06248497509689611+0.08908781270221579j;-0.08145421452547934+0.0894263318395984j
3.3716249999999994;-0.03391978655305497+0.09709229869395083j;-0.026425741062183622+0.1125318947098502j;-0.04400239017623843+0.11409906287711857j
3.4964999999999997;0.0033792767733535913+0.10320562454022239j;0.015118860715021065+0.1205196661210895j;-0.0005484101386953504+0.12273655065076489j
3.6213749999999996;0.03930275490250527+0.09488207452829035j;0.05585121975886803+0.11233853516613085j;0.042355302338451126+0.11442597516984349j
3.7462499999999994;0.0685716782679408+0.07401238516227504j;0.08975480452555848+0.08969425448846499j;0.07836057976082897+0.09078466575803382j
3.8711249999999997;0.08711665419078995+0.044273692828608074j;0.11196700790757144+0.05639000024797261j;0.10224518554854028+0.05566726763812657j
3.9959999999999996;0.09262051809135863+0.010504249100594033j;0.11945132541077466+0.017712684917483613j;0.11064328223470392+0.014558902359550744j
4.120875;0.0847731186132831-0.022058118749412783j;0.11138025912003693-0.020370219899647796j;0.10248692431888393-0.02624531527328955j
4.245749999999999;0.06521859433347915-0.048552045276033094j;0.08918802032569419-0.052077965574664764j;0.07910752557968384-0.060547610835096605j
4.3706249999999995;0.03722356583803066-0.06516755239738226j;0.05630238787463153-0.07262030494472j;0.04399841540332469-0.08310882379430032j
4.4955;0.005134302770590025-0.0696280756526378j;0.01761153936862568-0.07882674070356585j;0.0022882177313527877-0.09034455278362369j
4.620374999999999;-0.02628263130953168-0.06142349313052593j;-0.02124341291461554-0.06952256601280302j;-0.03998647410558388-0.08076713318843001j
4.7452499999999995;-0.05251176162991348-0.04177937802376531j;-0.054640193496392625-0.045614434767065636j;-0.07669695194312798-0.055125882517882085j
4.870125;-0.06987415491873167-0.013388000627422654j;-0.07769926757659344-0.009892169662463847j;-0.10240841809954973-0.016243525134769142j
4.994999999999999;-0.07594943641687861+0.020040609418542098j;-0.08686143405131924+0.03340663055550223j;-0.11302877336077614+0.031410281656332056j
5.1198749999999995;-0.06978661682628565+0.054327760862883205j;-0.08024715014417513+0.07919210496264843j;-0.10623678726153002+0.08233317550056263j
5.24475;-0.05188894920285904+0.08538799764738465j;-0.057758111415966006+0.12218332606554275j;-0.08163926743434513+0.1306947093672694j
5.369624999999999;-0.023987831274428845+0.10972095879244716j;-0.020914459346794548+0.1575365066509496j;-0.040639652005301265+0.17102598419483403j
5.4944999999999995;0.011359640744966738+0.12476499758121493j;0.027557120878084186+0.18134800359005787j;0.01397563930820627+0.19879114139467874j
5.619375;0.051316068534338684+0.1290600311467695j;0.08437164867382771+0.1909480448864717j;0.07873113308437885+0.21074213962484006j
5.744249999999999;0.09346449866438697+0.12216709874678446j;0.14662595456415867+0.18488547921490744j;0.1505132131714574+0.20493481503083377j
5.8691249999999995;0.13685848652417093+0.10421352642976507j;0.21336612053196785+0.162367573997146j;0.22838229733256935+0.18011985490537208j
5.994;0.18438640567505882+0.07443717232269108j;0.2893412579620787+0.12112312215045704j;0.3179910724553273+0.1332825442491282j
6.118874999999999;0.2520500865147096+0.02415186505624968j;0.3999279984656141+0.046348442689828045j;0.44921934633697047+0.04666664813960246j
6.2437499999999995;0.4392218041897896-0.16167675242140778j;0.7041506524161198-0.24649152615094072j;0.809748525463782-0.2976023446059891j
6.368624999999999;-0.36386474760356236-0.0785356949198896j;-0.5777353198292932-0.11457332771999787j;-0.7018265456813235-0.14272680434827928j
6.493499999999999;-0.04245416084829616+0.018817434418789494j;-0.05870576985702507+0.04282332102731884j;-0.08787596766696312+0.04335948704032853j
6.6183749999999995;0.014325926036505489-0.0025091309802747278j;0.03638697971672925+0.007354787769630147j;0.02572297420361917+0.0008411336351029503j
6.743249999999999;0.0284895193243326-0.020600976634420218j;0.062068803788137464-0.02434094836354139j;0.05702780974472178-0.037703479038337345j
6.868124999999999;0.028319493396355488-0.03287039377298137j;0.06334813540354947-0.04740962739989242j;0.05905968563849122-0.06630942529458475j
6.992999999999999;0.02242487452989803-0.03975903100219103j;0.05399420379282156-0.06191713626054492j;0.04805821618143061-0.08484258157339489j
7.117874999999999;0.014701193438283328-0.042168072782800714j;0.04045214665814666-0.068767446662297j;0.03169343101413466-0.09418981511229639j
7.242749999999999;0.007214142583076455-0.04117360114083182j;0.026396480814727605-0.06930383943784482j;0.014419803536006248-0.09580723651996996j
7.367624999999999;0.0010440069403006846-0.03788570412142244j;0.01400362986598221-0.06511495804574574j;-0.001047624010038356-0.09150271295886038j
7.492499999999999;-0.0033618788471399402-0.033332393627086454j;0.0044356692281761045-0.05784817051001363j;-0.013188804236622262-0.08321651727881729j
7.617374999999999;-0.005980187620621982-0.028372807599847116j;-0.0018935198985877942-0.04904090206766182j;-0.021387756055447005-0.072813457224293j
7.742249999999999;-0.007054388548607031-0.023647066461903794j;-0.005113910634980919-0.03999035457050788j;-0.025707800450707856-0.061913213039223716j
7.867124999999999;-0.006966923659791549-0.01956318399849494j;-0.005716296045721531-0.03167306276079507j;-0.026683785114352102-0.05177601521351038j
7.991999999999999;-0.006137862417112092-0.016315399471577532j;-0.004386828497261872-0.024716190299816417j;-0.025126620090516874-0.043249208676963136j
8.116874999999999;-0.004951678654919052-0.013924556565926623j;-0.0018657842515598941-0.01941447041678605j;-0.021949446895161866-0.03677095031711244j
8.24175;-0.003712309055162514-0.012289962127184417j;0.0011618625789897282-0.015781945252917845j;-0.01802633773249448-0.03241992364325668j
8.366624999999999;-0.002623950299075161-0.01124288263943566j;0.004139948400706401-0.013624717183044144j;-0.014091277574411639-0.029996201297763612j
8.491499999999998;-0.001792889119180329-0.010593627598416228j;0.006678906493939239-0.0126212827096136j;-0.010679763421069282-0.029116961837802532j
8.616375;-0.001243761471773081-0.010167323771579653j;0.008561883133436542-0.012398601815985524j;-0.008110167382147319-0.029312045244292543j
8.741249999999999;-0.0009436097994185836-0.009826230913605833j;0.009726421028102287-0.012595173756742496j;-0.00649795124077694-0.03010743268490266j
8.866124999999998;-0.0008275886856202756-0.009479062676602762j;0.010230202030739622-0.012906147138677188j;-0.005793131097588452-0.03108867000818724j
8.991;-0.0008217851097815027-0.009079640190612345j;0.010209501793064343-0.013108831936703775j;-0.005830501617862216-0.031940753818469995j
9.115874999999999;-0.000860093435008849-0.008618337008116131j;0.009837861989199274-0.013070248076884965j;-0.00638295056723056-0.032464591926408035j
9.240749999999998;-0.0008942264065807913-0.00810985617890248j;0.009290651542247837-0.012740134229087569j;-0.00720980066947044-0.03257358136811177j
9.365625;-0.0008970520941567381-0.007580668348279737j;0.008718928982998607-0.012134202138619972j;-0.008094837444785168-0.032275496899167616j
9.490499999999999;-0.0008608448926039794-0.007058351324928951j;0.008233970810553774-0.011312551236725447j;-0.008871194358476431-0.03164578165098995j
9.615374999999998;-0.0007921057656769155-0.006564302443064819j;0.007901728173835287-0.010357585203750345j;-0.009432874949126832-0.03079805637598072j
9.74025;-0.0007052291290099212-0.0061101511708844865j;0.007745585564498745-0.009354704497414691j;-0.009734557431940537-0.02985679600441056j
9.865124999999999;-0.0006163556592637281-0.0056974006575159185j;0.007754652991600528-0.008377965683701045j;-0.009782624966888859-0.02893543285707771j
9.989999999999998;-0.0005387908897214436-0.005319515838791662j;0.00789494430386162-0.007481416924183498j;-0.009620845779533455-0.028121703449635726j
10.114875;-0.00048030319368101064-0.004965242228855814j;0.008121016045662809-0.006695856775207364j;-0.009314263484770028-0.027470673466342847j
10.239749999999999;-0.000442504800032394-0.004622143537700895j;0.00838614147756509-0.006030152998159812j;-0.008933908413780918-0.027004345722477757j
10.364624999999998;-0.0004217033552200918-0.004279533246220345j;0.008649906284913743-0.0054755201613166556j;-0.008544612765474021-0.026716449688709166j
10.4895;-0.00041085556428753164-0.003930337454711757j;0.008882717147223875-0.005011446584209093j;-0.008196736630347173-0.026580238225407622j
10.614374999999999;-0.0004018014672442704-0.003571800099243206j;0.009067445645072498-0.004611767248062509j;-0.007922253938378983-0.02655746539295329j
10.739249999999998;-0.00038727341824415973-0.0032050103914187758j;0.009198657169069202-0.004250062328975836j;-0.007734571729958405-0.026606831905054768j
10.864125;-0.00036231412114924556-0.0028337914738416634j;0.009280215558440864-0.0039035500225558855j;-0.007631185298985242-0.026690803774433156j
10.988999999999999;-0.0003249625961687318-0.0024631793745561537j;0.009322144586843486-0.003555390765021217j;-0.007598095966988236-0.02678017380009397j
11.113874999999998;-0.00027612596238437326-0.0020980008599045213j;0.009337375659274668-0.003195456863404309j;-0.007614868539594666-0.026856159283641556j
11.23875;-0.00021897674118069262-0.001741632607686978j;0.00933892175716057-0.002819826723661623j;-0.007659308629825536-0.026910535707270644j
11.363624999999999;-0.0001579542611951938-0.0013954940430070165j;0.009337868026250607-0.002429487571398445j;-0.007711285867097755-0.026943975639756108j
11.488499999999998;-9.767800581414248e-05-0.0010587645078938331j;0.009342184833582786-0.0020286149921397417j;-0.007755237972580668-0.026963676325685002j
11.613375;-4.21167861184817e-05-0.0007287518060204063j;0.009356420607390586-0.0016228575221079646j;-0.007781329014196944-0.02698049768522641j
11.738249999999999;6.10186168044835e-06-0.0004014923534535232j;0.00938195970936037-0.0012179053345947408j;-0.007785457454506868-0.027006306744316196j
11.863124999999998;4.589569840753727e-05-7.242804262017839e-05j;0.009417778524639998-0.0008184325379741487j;-0.007768385003919584-0.02705194267363506j
11.988;7.7690298765915e-05+0.000262872027701052j;0.009461297454531179-0.00042754879591534733j;-0.007734332195336714-0.027125804944385403j
12.112874999999999;0.00010314327120795986+0.0006082027306838047j;0.009509256026495373-4.664864047956765e-05j;-0.007689436509951406-0.027233257505263526j
12.237749999999998;0.00012456790354322292+0.0009663912142841338j;0.009558477321583863+0.0003244566815695984j;-0.007640272540089553-0.02737667737014902j
12.362624999999998;0.00014456137872613943+0.0013392093900158352j;0.00960635818511885+0.0006870946712262179j;-0.007592797237835269-0.027555882408952445j
12.487499999999999;0.00016550862461661996+0.0017275546412217737j;0.009651098545917874+0.0010433228587766645j;-0.0075515367184706425-0.02776899708630959j
12.612374999999998;0.0001892371738339283+0.002131649670657165j;0.009691803956568736+0.001395506297326229j;-0.007519303481766999-0.028013282437751863j
12.737249999999998;0.0002168935079012777+0.0025514367062915476j;0.009728365345549495+0.0017459104148487697j;-0.007497236761597169-0.02828591343807549j
12.862124999999999;0.0002489107245096701+0.002986898105336186j;0.009761266711918393+0.002096488263486897j;-0.007485085672912011-0.028584603714662156j
12.986999999999998;0.00028515541368267225+0.0034383567273698905j;0.009791270911912415+0.0024487662522438914j;-0.007481584518517518-0.028908022047431092j
13.111874999999998;0.0003250694516256662+0.003906639537446438j;0.009819344352160739+0.002803869461439649j;-0.007485034726753203-0.029255974799296834j
13.236749999999999;0.0003679426035362469+0.0043932786114174545j;0.00984633116251292+0.0031625140353424737j;-0.007493619284546003-0.029629383836043393j
13.361624999999998;0.0004130279601911845+0.004900381552709504j;0.009872955956189604+0.003525226252981493j;-0.007505782376077903-0.0300301680651313j
13.486499999999998;0.00045981653970791176+0.005430730505273157j;0.009899729244644087+0.0038923495387015576j;-0.007520468648335978-0.030461007745917968j
13.611374999999999;0.0005080712340486352+0.005987606174734327j;0.00992691476713079+0.004264247670352948j;-0.007537125727015044-0.03092515510549794j
13.736249999999998;0.0005579277767654607+0.006574721912767799j;0.009954643375671778+0.004641380417841819j;-0.007555815558881634-0.0314262473114555j
13.861124999999998;0.0006098456530801414+0.00719617524644146j;0.00998289603377398+0.005024332035207124j;-0.0075770238514299955-0.031968158818596215j
13.985999999999999;0.0006645803433346166+0.007856383681022825j;0.010011625991603542+0.005413898891789513j;-0.007601626750954-0.03255498155061505j
14.110874999999998;0.0007230860388315136+0.008560185470375205j;0.010040781607797353+0.005811033567764196j;-0.007630710179789343-0.03319104199711705j
14.235749999999998;0.0007865407310750053+0.009312792801358619j;0.01007031343664556+0.0062168800516474235j;-0.007665491141723787-0.03388094038566928j
14.360624999999999;0.0008562657573357822+0.01012008059671881j;0.010100280204350052+0.006632793651444135j;-0.007707314579450838-0.03462984951664758j
14.485499999999998;0.0009336627795381797+0.010988659658806833j;0.010130777776839687+0.007060296833430687j;-0.007757502683079342-0.035443584418498944j
14.610374999999998;0.001020258779006794+0.011926095787016748j;0.010162003714685454+0.0075011115018969975j;-0.007817465543011461-0.036328859149105906j
14.735249999999999;0.0011177990138590403+0.012941277015577922j;0.010194233828586752+0.007957169496118556j;-0.007888764834431256-0.037293605838984924j
14.860124999999998;0.001228316934368753+0.014044675992540032j;0.01022779112261454+0.008430694849725522j;-0.007973164151106403-0.03834727980573644j
14.984999999999998;0.001354166113811138+0.015248693961273561j;0.01026312338962719+0.008924233801031259j;-0.008072771645644452-0.03950114461203558j
15.109874999999999;0.0014984056413488342+0.01656830077297434j;0.010300766208223405+0.009440728840252249j;-0.008190311416442927-0.040768808797045024j
15.234749999999998;0.001664763896125656+0.018021465244683864j;0.010341335877050285+0.009983673317533092j;-0.008329113372075233-0.042166688493178686j
15.359624999999998;0.0018581250307408662+0.01963004707505349j;0.010385639474247891+0.01055724710096254j;-0.008493599008715534-0.04371477638850107j
15.484499999999999;0.002084813096060404+0.02142082459333658j;0.010434694353590568+0.011166503059139158j;-0.008689521112685401-0.045437562354979616j
15.609374999999998;0.0023532226279788632+0.02342691675354108j;0.01048980691909304+0.011817655811473232j;-0.008924508188570345-0.047365352990400414j
15.734249999999998;0.0026745426909090667+0.02568969108197213j;0.010552736799069014+0.012518446890989646j;-0.00920877041734145-0.04953601944870607j
15.859124999999999;0.0030639583893056635+0.02826155392548696j;0.010625880132163605+0.013278602368663746j;-0.009556177003981366-0.051997484310783916j
15.983999999999998;0.003542409359625712+0.031209832193211585j;0.010712541460016219+0.014110628885462937j;-0.009985836446362504-0.05481135933386809j
16.108874999999998;0.0041393856398944376+0.03462241729853444j;0.010817435885965329+0.015030758788951212j;-0.010524682129956008-0.05805800650996028j
16.233749999999997;0.004897528806036357+0.038616210805369956j;0.010947444556784246+0.016060548494592652j;-0.011211656336410318-0.061844301950793434j
16.358624999999996;0.005880084836601698+0.04335001926441063j;0.011112837893016566+0.017229275426066504j;-0.01210448804876895-0.06631544962964522j
16.4835;0.007184289935754828+0.04904475841862199j;0.011329612148006511+0.01857756508997601j;-0.013291985741735724-0.07167333474817099j
16.608375;0.008965596215106418+0.05601652838704379j;0.01162352347340762+0.020163586121774213j;-0.014916063863207707-0.07820682214871978j
16.733249999999998;0.011484254098140051+0.0647319103052279j;0.012038138938924029+0.022073279865031194j;-0.01721434628100539-0.08634223520599091j
16.858124999999998;0.01520259053530985+0.07590523256731332j;0.012651622688457953+0.02443852208529214j;-0.020608972642878795-0.09673220725202984j
16.982999999999997;0.021002096847779095+0.09067519599959928j;0.013614519070280488+0.02747027416376536j;-0.025904832023157947-0.1104169167903084j
17.107874999999996;0.030723256106874867+0.11093018540208657j;0.01524442556049456+0.03152092668780501j;-0.034782440982909966-0.12912141271302469j
17.23275;0.04868206500572894+0.1398617792097057j;0.018294743876485886+0.037194077580703346j;-0.051182933834144365-0.15576110843548857j
17.357625;0.08659132964800695+0.1822702736391008j;0.024836597285664647+0.045433572209264944j;-0.08580213502460592-0.19472151061343396j
17.482499999999998;0.1811365168228018+0.23674467369475535j;0.04147067192595627+0.05624008609999915j;-0.1721422905163194-0.24471887287667832j
17.607374999999998;0.4158543424705229+0.19937591946886468j;0.0839239098782467+0.05152386550936091j;-0.3865038007760536-0.21087169115237542j
17.732249999999997;0.46648548370838344-0.17606817758139334j;0.09564401362433125-0.015195592692276334j;-0.43279589879852426+0.13172434603275351j
17.857124999999996;0.21375921277720283-0.27012630099192003j;0.05091748209342174-0.03345161512323794j;-0.20202180101031786+0.21737715730110474j
17.982;0.10053055689658205-0.21909916765916904j;0.03024993729635883-0.02466748724967729j;-0.09862371417424165+0.17050487441739476j
18.106875;0.055896119610482034-0.17468124097196508j;0.021952486971665644-0.01658637750142837j;-0.05786966993750516+0.12964659002607112j
18.231749999999998;0.03515052382009281-0.144170853135764j;0.01804404078951183-0.010828227561320363j;-0.03893469008181404+0.10147228608458521j
18.356624999999998;0.024056216878816573-0.12292452625047842j;0.015934595330109092-0.00665670728542593j;-0.028816146776335327+0.08174261916022511j
18.481499999999997;0.017481296160894944-0.10754335045145283j;0.014678764340666076-0.003496026461761906j;-0.022827164271852163+0.06735362650285809j
18.606374999999996;0.013277392303061158-0.09599427596818631j;0.013876606248278467-0.0009951190758555536j;-0.019005644090734464+0.05644828593765132j
18.73125;0.010429594630664174-0.08705429118138967j;0.013337419744259588+0.0010594127974383333j;-0.01642468893974114+0.04790915635232801j
18.856125;0.00841089219313755-0.07995995927107162j;0.012961345900997373+0.0028018447231121443j;-0.01460302797005808+0.04103835417417898j
18.980999999999998;0.006926766360195805-0.07421534607198715j;0.012692135842991378+0.004320041125181369j;-0.013271730529658438+0.03538221175227327j
19.105874999999997;0.005802275292995013-0.0694862347017032j;0.01249617951462706+0.005673760392002958j;-0.012271126640573213+0.03063459912728915j
19.230749999999997;0.0049283075954663705-0.06554016382180543j;0.012352401563885972+0.006904885213558393j;-0.01150168288229629+0.026582353750402812j
19.355624999999996;0.004234108895565457-0.06221088546264826j;0.012247112836446184+0.008043880474584597j;-0.010898940479508148+0.023072544552697014j
19.4805;0.0036720638554340376-0.05937651996997635j;0.012171047457261865+0.009113315065572669j;-0.010419534622933393+0.019992846358458112j
19.605375;0.0032092017159764926-0.05694598216104983j;0.01211782891190711+0.010130530384941328j;-0.010033528486516459+0.017258832647770214j
19.730249999999998;0.002822121514632306-0.05484989018608316j;0.012082968245595647+0.011109129245596407j;-0.009719747166371074+0.014805790847165531j
19.855124999999997;0.002493762387227663-0.053034576440391626j;0.012063262760167701+0.012059964231992966j;-0.009462849196393144+0.012583325767057504j
19.979999999999997;0.002211511714560785-0.05145796865216068j;0.012056382265676135+0.012992003374923688j;-0.009251550642723816+0.010551447240276545j
20.104874999999996;0.0019657825934812426-0.05008672777416374j;0.01206062924364621+0.013912786339322795j;-0.009077362465942866+0.008678008777059328j
20.22975;0.0017492502147053515-0.0488941421970328j;0.012074828525045109+0.014828785340344524j;-0.008933937576318423+0.006936799695003909j
20.354625;0.0015561530237238825-0.04785870800051628j;0.01209807025156013+0.015745784158066264j;-0.008816303950754044+0.005306108265242089j
20.479499999999998;0.0013819805091801998-0.04696292736079241j;0.012129831486310787+0.016668939086419324j;-0.008720777547720314+0.003767788701161852j
20.604374999999997;0.0012229616112826181-0.04619253274683246j;0.012169737620143714+0.017603075543764293j;-0.00864434355403378+0.002306380656982021j
20.729249999999997;0.0010761534824859295-0.04553595973887979j;0.01221761367555528+0.018552752811141097j;-0.00858477990030014+0.000908658843487755j
20.854124999999996;0.0009390141001728858-0.04498372510371847j;0.012273463151167063+0.01952242351863681j;-0.008540329454212701-0.00043698825121342433j
20.979;0.000809379560035673-0.04452815019104973j;0.012337415080400975+0.020516468585799655j;-0.00850963015670746-0.0017407942272228433j
21.103875;0.0006854195093353235-0.044163115417523005j;0.012409737757861403+0.0215393604411874j;-0.008491700147149412-0.0030119686796811797j
21.228749999999998;0.0005655026377003741-0.04388376936076701j;0.0124908814983196+0.022595666935930712j;-0.008485889172458128-0.004258911803183649j
21.353624999999997;0.0004480682996981962-0.04368638222003739j;0.01258143882515499+0.023690163951994296j;-0.008491744185965502-0.005489442250973094j
21.478499999999997;0.00033177298022199313-0.04356832024942561j;0.0126820496561839+0.024827873337807956j;-0.008509012412621527-0.006710856195864163j
21.603374999999996;0.0002152862127024098-0.04352784326817315j;0.012793605293018982+0.026014245225082326j;-0.008537715769697632-0.007930269766693997j
21.72825;9.731975000368959e-05-0.04356414736245287j;0.012917111432834562+0.02725520471891842j;-0.008578025171223622-0.009154638859561581j
21.853125;-2.348670383609322e-05-0.04367725279427279j;0.01305389870104555+0.028557204641040456j;-0.008630405573613293-0.01039089709910959j
21.977999999999998;-0.00014852660802613937-0.043868044311077124j;0.013205447530905357+0.029927351388154826j;-0.008695456368559472-0.011646063242319876j
22.102874999999997;-0.00027924640695566744-0.04413825235227654j;0.013373543273953535+0.03137355411044486j;-0.00877406317298702-0.012927416192741254j
22.227749999999997;-0.0004172670036696295-0.04449059132041528j;0.013560278656083969+0.03290478620844972j;-0.00886731341073057-0.014242677544841875j
22.352624999999996;-0.0005643375949237698-0.04492870609125861j;0.013768164550563058+0.034531060932914776j;-0.008976649288740111-0.015600023890759346j
22.4775;-0.0007225560159564697-0.045457379615801j;0.01400030612855665+0.03626390051597918j;-0.009103900335504032-0.01700844511279341j
22.602375;-0.0008943076274644281-0.04608256183037447j;0.014260355644306198+0.038116355455701245j;-0.009251272760899954-0.018477746613973445j
22.727249999999998;-0.0010822968610665097-0.04681159428548632j;0.01455263430158486+0.040103488663249615j;-0.009421459064147843-0.020018903631141456j
22.852124999999997;-0.0012898406174091798-0.04765352659732956j;0.014882508035862933+0.04224288409584166j;-0.00961783618717646-0.021644390861461693j
22.976999999999997;-0.0015209510084274735-0.04861928618522224j;0.015256589676687887+0.04455498118900061j;-0.009844617708256197-0.023368420474717363j
23.101874999999996;-0.0017803884608150466-0.04972212595649911j;0.015682822123902665+0.047063835739597916j;-0.010106906666025449-0.02520744079410811j
23.22675;-0.002074270670590135-0.0509781153895109j;0.016171465726389028+0.049798005570458416j;-0.010411321852874397-0.027180743045026504j
23.351625;-0.002410029724619008-0.05240676842209949j;0.01673503316295414+0.0527914574393557j;-0.010765955359324661-0.029310989555538076j
23.476499999999998;-0.0027971373212319524-0.0540319230760542j;0.017389612335186787+0.05608522374608925j;-0.011181275871613739-0.03162537196553207j
23.601374999999997;-0.0032477666085156025-0.055882868962643516j;0.01815580934799514+0.05972915603305182j;-0.011670668061904983-0.03415669747588013j
23.726249999999997;-0.0037777859124977567-0.05799585996784448j;0.019060580496274328+0.06378445326147815j;-0.012251689298668348-0.03694503553183673j
23.851124999999996;-0.004408166024220273-0.060416045989023406j;0.02013951660750154+0.06832687786295556j;-0.01294751824166869-0.04003980704734575j
23.976;-0.0051670379333389575-0.06320036964570055j;0.02144033978382137+0.07345145074642193j;-0.013789239943781062-0.043502780901349805j
24.100875;-0.006092889972635723-0.06642148412217384j;0.02302832458748344+0.07927899253640672j;-0.014819385509691339-0.04741233376574412j
24.225749999999998;-0.007239581863359417-0.07017318594041791j;0.024994609322053496+0.0859650172713442j;-0.016097281709883525-0.05186916763651878j
24.350624999999997;-0.008684177628792158-0.07457834888942141j;0.027469519788958535+0.09371260331184769j;-0.017707775661368858-0.05700453654449347j
24.475499999999997;-0.010539869652276858-0.07980044821684978j;0.030644135949238836+0.1027915332520575j;-0.019775188672140273-0.06299268044950379j
24.600374999999996;-0.012978344964877715-0.08606058950895104j;0.03480772001778166+0.11356575696615778j;-0.02248758701113202-0.07006832912698277j
24.725249999999996;-0.016269370579109266-0.09366272918333375j;0.04041399642720676+0.12653464889059085j;-0.02613979888687153-0.07855327973365939j
24.850125;-0.020854371659107376-0.10303080314704705j;0.04820388521662934+0.1423929830952835j;-0.031212907812182257-0.08889476183758051j
24.974999999999998;-0.02749241996102693-0.11475982734809931j;0.0594487666505458+0.1621126964134192j;-0.038531794495008244-0.10171756997856134j
25.099874999999997;-0.03756411713858166-0.12967058248285143j;0.0764556478635492+0.18702729681740005j;-0.049591975925062065-0.11787710120481146j
25.224749999999997;-0.05374694299777942-0.1487874482145278j;0.1036869822139545+0.21878117917663764j;-0.06728344644882185-0.1384232254155388j
25.349624999999996;-0.08158031088524857-0.17282214180485017j;0.15034594603077617+0.25844083767891257j;-0.0975593658028139-0.16401782721639563j
25.474499999999995;-0.1328964251090948-0.19910676543428113j;0.23600410712699899+0.3013366156430413j;-0.15305889131710165-0.191582931407975j
25.599375;-0.2289533232022657-0.2069543241261837j;0.3954953665364308+0.3127145500242533j;-0.256197471942365-0.19854449813536418j
25.724249999999998;-0.3620779257648545-0.12027759849328257j;0.6145180040226371+0.16652364112949813j;-0.39734768344100563-0.10345232227165901j
25.849124999999997;-0.3711961360175352+0.08163143963414717j;0.6254609212954854-0.1682532428978325j;-0.40340161350812714+0.11293715777238549j
25.973999999999997;-0.24022271614302707+0.18144241701873948j;0.4061383489718061-0.33078486404381013j;-0.26110700114882546+0.21727456764721506j
26.098874999999996;-0.13931337445448955+0.17782963129813525j;0.23882452842326857-0.32239172205007727j;-0.15295384076591678+0.21126707147695142j
26.223749999999995;-0.08503053886522027+0.15184891931875588j;0.14931575409738293-0.27786794723890856j;-0.09521216036012421+0.18213870612192984j
26.348625;-0.05573539250463261+0.12738985171192282j;0.10122427618472779-0.23639258345003256j;-0.06423830607370533+0.15510908013086216j
26.473499999999998;-0.03881140856740706+0.10781998352850967j;0.07355268801201509-0.20329027647248896j;-0.04644107396842574+0.133557022826118j
26.598374999999997;-0.028339107952558486+0.0925337275107914j;0.05649451094732939-0.17743378092762402j;-0.035483839320214525+0.11672399318529034j
26.723249999999997;-0.021471213825748313+0.08050078551664j;0.04534811747711096-0.15705488556735192j;-0.028332282534840852+0.10345248215706437j
26.848124999999996;-0.016748045232575906+0.07087997052116675j;0.037709627997780264-0.14072784364416768j;-0.023436562202265074+0.09281336736713686j
26.972999999999995;-0.013371129387781185+0.06305864375896743j;0.03226723039456543-0.1274196548066568j;-0.019951690571324822+0.0841347283356705j
27.097875;-0.010878268410781527+0.05660018282238512j;0.02826327641107449-0.11639627271383161j;-0.017390053070785085+0.07693961029944116j
27.222749999999998;-0.008988215559071587+0.05119164139977409j;0.025237709813552042-0.10713256491266149j;-0.015455798908602048+0.07088703403455039j
27.347624999999997;-0.007522453230143527+0.04660559273398691j;0.02289908827869193-0.09924739607605942j;-0.0139616453588189+0.06572963253469417j
27.472499999999997;-0.006363710348847265+0.04267399314991963j;0.02105637889715447-0.0924593904740783j;-0.012784942412838932+0.06128483373380526j
27.597374999999996;-0.005432339915281061+0.039270601056785384j;0.019580049733332487-0.0865572863253646j;-0.01184257108430323+0.05741557992981134j
27.722249999999995;-0.00467281991041367+0.03629898574124045j;0.018379984671770707-0.08137983054385331j;-0.011076750346483965+0.05401728949850452j
27.847125;-0.004045573929534665+0.03368444109129326j;0.017392099816679524-0.07680209365580934j;-0.010446433312408514+0.05100892510576127j
27.971999999999998;-0.0035217145301739464+0.03136830381856549j;0.016569655522007547-0.07272601937639314j;-0.009921681812073127+0.04832689324168679j
28.096874999999997;-0.0030798306150675676+0.029303876665530252j;0.015878104176461672-0.06907354876312578j;-0.009480395984611843+0.04592056267790829j
28.221749999999997;-0.0027036903298177347+0.027453573792314563j;0.015291293021695008-0.06578184693344451j;-0.009105853387433553+0.043749171921245465j
28.346624999999996;-0.0023809742581284593+0.025786849334496473j;0.014789417142148178-0.06279985348087386j;-0.008785402600126163+0.041779597676123645j
28.471499999999995;-0.0021020163241318507+0.02427859887289135j;0.01435694771224735-0.060085582840784045j;-0.008509123297887007+0.03998459364806511j
28.596375;-0.0018593701943651901+0.022908099594390805j;0.013981950561303257-0.05760438804623638j;-0.008269398644830974+0.038341679312230856j
28.721249999999998;-0.0016469360563450505+0.02165793874998602j;0.0136546764851224-0.05532713808373142j;-0.008060016146978105+0.03683194581689186j
28.846124999999997;-0.0014600017598837092+0.020513604237830007j;0.013367589215721185-0.0532295422385928j;-0.007876166869592279+0.03543962001696918j
28.970999999999997;-0.0012946266528723765+0.01946274003156554j;0.013114418293956015-0.05129090789862205j;-0.00771386218068433+0.03415126215877889j
29.095874999999996;-0.0011476081491762224+0.018494792887190713j;0.012890055267559337-0.04949355935794148j;-0.0075698469757428544+0.03295539084217278j
29.220749999999995;-0.0010163606313878665+0.017600738809949626j;0.012690392183345054-0.04782236205321209j;-0.007441507178930936+0.031842164899318945j
29.345625;-0.000898735877603402+0.016772819844264885j;0.012512032351366758-0.046264318467622884j;-0.007326687056764382+0.030803141278061802j
29.470499999999998;-0.0007929088571065294+0.016004263087106792j;0.012352071657405402-0.04480805053776251j;-0.00722353548828173+0.029830915359047305j
29.595374999999997;-0.0006973447082452922+0.01528924958753463j;0.012208095894841557-0.04344378971444381j;-0.007130525009723938+0.028919133303699097j
29.720249999999997;-0.0006107765116545765+0.014622608980446525j;0.012078095107310852-0.042162843903335585j;-0.007046374456113569+0.028062136562233633j
29.845124999999996;-0.0005321157868400466+0.013999855877573655j;0.01196035858286251-0.040957658812981315j;-0.006970000706010982+0.027255002181479956j
29.969999999999995;-0.0004604452803142348+0.013417012427519324j;0.01185344094179716-0.039821548275524365j;-0.006900486036337779+0.026493378751986527j
30.094875;-0.0003949343902116243+0.012870571234316702j;0.011756032829700346-0.03874859569415684j;-0.006836999138652783+0.02577340719293521j
30.219749999999998;-0.00033492107489735824+0.012357406491402677j;0.011667102870397617-0.0377335213909917j;-0.00677888912809159+0.025091641074719402j
30.344624999999997;-0.0002797867807237085+0.011874711022051513j;0.011585685604246653-0.036771595485002986j;-0.0067255462524228714+0.024444998386066407j
30.469499999999996;-0.00022906672483308417+0.011420039794285644j;0.011511041285492624-0.035858664950357895j;-0.006676495342887863+0.023830759153182255j
30.594374999999996;-0.00018228221259873265+0.010991155534092426j;0.011442439336979622-0.034990973700649367j;-0.006631282157608239+0.023246482793620078j
30.719249999999995;-0.00013901509658998962+0.010586066111091752j;0.011379205941381944-0.03416511943844034j;-0.006589471206865703+0.02268993384357245j
30.844125;-9.893923268542576e-05+0.010202947023148657j;0.011320853143879026-0.03337800996218111j;-0.0065507624027588765+0.02215909099018221j
30.968999999999998;-6.175245065217268e-05+0.009840176962140817j;0.011266896772297927-0.032626894069297294j;-0.006514842961766203+0.021652154439819347j
31.093874999999997;-2.718273691917905e-05+0.009496275045037424j;0.011216922951104357-0.031909258466480454j;-0.006481454947102482+0.02116748069246122j
31.218749999999996;5.009337710726834e-06+0.009169916561080502j;0.011170556611932508-0.031222837704204472j;-0.006450359701843618+0.020703581230713183j
31.343624999999996;3.50192787657716e-05+0.008859857641163059j;0.0111274985924094-0.0305655161461188j;-0.0064213692742533+0.020259070797511998j
31.468499999999995;6.307106383572972e-05+0.008565016236108572j;0.011087405032220363-0.029935446398551294j;-0.006394268456736253+0.019832737654108066j
31.593374999999998;8.929962591204196e-05+0.008284373889247618j;0.011050062831886687-0.02933087219021465j;-0.006368919512852567+0.019423422217940307j
31.718249999999998;0.00011388602578680379+0.008016993384720394j;0.011015196256126214-0.02875019795847438j;-0.006345150576385614+0.019030080358414532j
31.843124999999997;0.00013695085278454117+0.007762026399150551j;0.010982618080812825-0.0281919662304774j;-0.00632284238654451+0.01865175270060266j
31.967999999999996;0.00015860820083420102+0.007518682477286376j;0.010952147805974265-0.02765481374667257j;-0.006301878627817933+0.01828753979450004j
32.092875;0.0001789782355734737+0.00728625491940027j;0.010923604512897308-0.02713753592499947j;-0.0062821470611297975+0.0179366529446415j
32.217749999999995;0.00019816098857255993+0.007064094247198796j;0.010896839867111402-0.026638999405293354j;-0.006263555473115134+0.017598339526030557j
32.342625;0.00021625681265738383+0.006851545310827184j;0.010871695053422392-0.026158077687261857j;-0.006246001791255756+0.01727185913833232j
32.467499999999994;0.0002333439687185329+0.0066480959223885056j;0.010848051704421376-0.025693880417163202j;-0.006229412411308463+0.016956622044236896j
32.592375;0.00024947624744510455+0.006453167142249749j;0.01082583054421578-0.025245407942465582j;-0.006213737094718612+0.016651968904031825j
32.71724999999999;0.00026473462450230315+0.006266318056937004j;0.010804900521982014-0.024811893335574868j;-0.006198890493121657+0.01635739282280975j
32.842124999999996;0.00027918023205379325+0.0060870869229621705j;0.010785175919007758-0.024392533877684364j;-0.006184822082438033+0.0160723626987909j
32.967;0.00029287640622534077+0.005915053910866844j;0.010766556674632761-0.02398659083797808j;-0.006171467113340254+0.015796385854357997j
33.091874999999995;0.0003058655315721342+0.005749822856550228j;0.010748984691740139-0.02359338527008492j;-0.006158790897915378+0.01552901768946121j
33.21675;0.0003181986304815077+0.0055910494616170335j;0.01073237501374088-0.023212294808128583j;-0.006146736614450783+0.015269837556334154j
33.34162499999999;0.00032990852230899755+0.005438388126627742j;0.010716679485566524-0.022842729655429547j;-0.006135274176623439+0.015018460476958373j
33.466499999999996;0.00034106962765252007+0.0052915145091191156j;0.01070178466964977-0.0224841146334286j;-0.006124332870975872+0.014774502190914116j
33.591375;0.0003516761077880237+0.00515013831874199j;0.010687702338916435-0.022135937561496708j;-0.006113919916617581+0.014537621529900145j
33.716249999999995;0.0003617846977481652+0.00501398425524472j;0.010674346378232467-0.02179771065990922j;-0.006103981692857056+0.014307492714164885j
33.841125;0.0003714063350158687+0.004882808460179158j;0.0106616900923855-0.021469008405021646j;-0.006094495372422177+0.01408383475410889j
33.965999999999994;0.0003806123558890515+0.004756337691736801j;0.01064966305084334-0.021149367088899033j;-0.006085435064752458+0.013866346770222086j
34.090875;0.00038938407247567693+0.00463438077628032j;0.010638243213941231-0.020838390642843537j;-0.0060767619859251765+0.013654741556976078j
34.21574999999999;0.00039777908653274084+0.004516705668889922j;0.010627375742802134-0.020535707574343698j;-0.006068457275499119+0.013448788212883814j
34.340624999999996;0.0004057966747677837+0.00440311129827654j;0.010617051375878012-0.020240946751522583j;-0.006060509589764828+0.013248233188854312j
34.4655;0.00041347581158935774+0.004293411542124351j;0.010607214777040854-0.019953782413722317j;-0.00605288570379278+0.013052861284275952j
34.590374999999995;0.00042081752596434356+0.004187430662364229j;0.010597858691027542-0.019673892226487907j;-0.006045577433463953+0.012862454054761325j
34.71525;0.00042786346069522937+0.00408499866091268j;0.010588923943295605-0.01940098228738324j;-0.006038550131002863+0.012676819077821888j
34.84012499999999;0.0004346092565926425+0.003985947975105412j;0.010580423978079102-0.01913473661185454j;-0.006031813859428694+0.012495738144139599j
34.964999999999996;0.00044108114029588793+0.0038901531713682862j;0.010572312307397115-0.018874938689050928j;-0.006025336395560122+0.012319070812602587j
35.089875;0.0004473029783185937+0.0037974531608444342j;0.010564554978761617-0.018621291727281934j;-0.006019097608935398+0.012146614934710531j
35.214749999999995;0.00045326722026480665+0.0037077101607584494j;0.010557165268097557-0.018373549406953425j;-0.006013105267801621+0.011978206080936405j
35.339625;0.00045898460191669477+0.0036208184260334538j;0.010550124523252298-0.018131519127027044j;-0.006007346130973285+0.011813715027615523j
35.464499999999994;0.0004644913494237351+0.0035366602749291j;0.010543381344753794-0.017894979772174174j;-0.006001790176845518+0.011652990492595374j
35.589375;0.0004697887441481597+0.0034551143973622074j;0.01053693045929842-0.017663720950082604j;-0.005996431932139376+0.011495894716370622j
35.71424999999999;0.0004748867707670318+0.003376064972064605j;0.0105307606813667-0.017437520531443856j;-0.005991265600101477+0.011342273457703883j
35.839124999999996;0.0004798046025429143+0.0032994188126885407j;0.010524843404660544-0.017216214410911156j;-0.005986273303499856+0.011192019180655098j
35.964;0.00048452572861941066+0.0032250790245109016j;0.010519202821994275-0.01699961569129474j;-0.00598146873790023+0.011045002088863009j
36.088874999999994;0.0004890803052153057+0.0031529570087891748j;0.010513789754707745-0.016787572411256647j;-0.00597681978603136+0.010901123982621715j
36.21375;0.0004934744885428799+0.0030829634733753743j;0.01050860053114813-0.01657991184264051j;-0.005972326113899926+0.010760265233308242j
36.33862499999999;0.0004977132864796587+0.003015013153962451j;0.010503626097705146-0.01637647646879835j;-0.005967981342936152+0.010622319286695433j
36.463499999999996;0.0005017985621156107+0.002949031972631743j;0.010498864141971-0.01617712985194479j;-0.005963783584808151+0.010487193965351731j
36.588375;0.0005057428499371419+0.0028849383323769832j;0.010494295765564064-0.015981727606446006j;-0.005959720703936284+0.010354794444049608j
36.713249999999995;0.0005095579047600138+0.002822665742833301j;0.010489910226560177-0.01579013592135884j;-0.005955789043179802+0.010225026325365313j
36.838125;0.000513239168692111+0.0027621610831443082j;0.010485709401096928-0.01560224041694983j;-0.005951986950312871+0.010097806336030987j
36.962999999999994;0.0005168025760992777+0.002703340364917483j;0.010481657877341875-0.015417906036237678j;-0.005948286974500887+0.00997305138674183j
37.087875;0.0005202460653910884+0.0026461428182202678j;0.010477774997477773-0.015237016696066873j;-0.0059447084518633505+0.009850681723831058j
37.21274999999999;0.0005235793938723819+0.002590515712010495j;0.01047403659964344-0.015059467618789187j;-0.005941231493503358+0.009730623968391142j
37.337624999999996;0.0005268076261819102+0.0025363928457738903j;0.010470444471987906-0.014885131978634166j;-0.005937861136536306+0.00961279084972622j
37.4625;0.0005299250586922649+0.0024837332020224722j;0.01046700218910315-0.014713935595534569j;-0.00593459657071437+0.009497133909125557j
37.587374999999994;0.0005329487644823233+0.00243247814637835j;0.010463685480826644-0.014545764042029334j;-0.005931423695690814+0.009383573854845298j
37.71225;0.0005358714737780301+0.0023825853167254232j;0.010460505863223904-0.014380536467404167j;-0.005928349258585421+0.009272055637335835j
37.83712499999999;0.0005387086588407392+0.0023340055670787664j;0.010457437552909043-0.01421815907992571j;-0.005925356281220213+0.009162515174576901j
37.961999999999996;0.0005414581845351009+0.0022866894641856974j;0.010454488672707136-0.014058536401965017j;-0.005922451466075747+0.009054886650333948j
38.086875;0.0005441226274669642+0.002240601878235329j;0.01045164852131253-0.013901601174785203j;-0.005919624370940124+0.008949124534798916j
38.211749999999995;0.000546717227511701+0.002195693842790821j;0.010448902084566803-0.0137472594083813j;-0.005916869600603209+0.008845165053660878j
38.336625;0.000549225481431993+0.002151920719046887j;0.010446267493810692-0.013595427154874464j;-0.00591419488890349+0.008742950706532911j
38.461499999999994;0.0005516593824896146+0.002109262130773828j;0.010443736491624474-0.013446060339895791j;-0.005911598930011029+0.008642450473547964j
38.586375;0.0005540208702785529+0.0020676651952166256j;0.01044129579682329-0.013299054757242272j;-0.005909068666275394+0.008543592004492229j
38.71124999999999;0.0005563109228668971+0.002027116791455282j;0.01043895166331566-0.01315439059230523j;-0.005906611594020831+0.00844636507776242j
38.836124999999996;0.0005585488625445534+0.001987565781999134j;0.010436668309501457-0.013011959987285278j;-0.005904202778282721+0.0083506911969554j
38.961;0.0005607157652524732+0.0019489793101841097j;0.010434481126425194-0.012871705572083681j;-0.005901865763978032+0.008256533590281962j
39.085874999999994;0.0005628242895817173+0.0019113334199152266j;0.010432367329310372-0.012733576895443181j;-0.005899585057316593+0.008163857241640246j
39.21075;0.000564875806834134+0.0018745986296769285j;0.010430325994481496-0.012597514040703136j;-0.005897360465712051+0.008072619910199245j
39.33562499999999;0.0005668723357149745+0.0018387405352366304j;0.010428354699443927-0.012463454196650403j;-0.005895190237879589+0.007982780273014037j
39.460499999999996;0.0005688138023819638+0.0018037309499351856j;0.010426454543511238-0.012331344402700986j;-0.005893075367076413+0.007894303042022457j
39.585375;0.000570701731428136+0.0017695615976649121j;0.010424622824835363-0.012201145537811604j;-0.005891013821839091+0.007807153501261975j
39.710249999999995;0.000572542094272926+0.0017361828235795487j;0.010422850001059648-0.012072784866044992j;-0.00588899931795384+0.007721290405264045j
39.835125;0.0005743259175121731+0.0017035847618219594j;0.010421149454911413-0.011946230232898298j;-0.0058870397242705205+0.007636687565445468j
39.959999999999994;0.0005760652371222611+0.001671746766708024j;0.010419503697373756-0.01182143916684019j;-0.00588512453615085+0.007553315234349083j
40.084875;0.0005777625396312591+0.0016406361830704308j;0.010417909639956424-0.011698350584300899j;-0.005883251614812309+0.007471132511656268j
40.20974999999999;0.0005794187068920893+0.0016102394090545644j;0.010416366626848035-0.011576934225810416j;-0.005881420639076081+0.007390118153594315j
40.334624999999996;0.0005810313831558869+0.0015805275979201257j;0.010414877155995322-0.01145713395458765j;-0.00587963254698112+0.007310233855405225j
40.4595;0.0005826019430414012+0.0015514831903077576j;0.010413439871933699-0.011338915061415735j;-0.005877886713085876+0.0072314561526746444j
40.584374999999994;0.0005841312892370345+0.0015230923914732152j;0.010412054403380805-0.011222240293138334j;-0.00587618339355165+0.007153755869913299j
40.70925;0.0005856218855547545+0.0014953362175071797j;0.010410716613720743-0.01110707427520536j;-0.005874519217410371+0.007077109776823133j
40.83412499999999;0.0005870793263485762+0.0014681910956101645j;0.010409415225837526-0.010993375275302513j;-0.0058728858427827295+0.007001491286881458j
40.958999999999996;0.0005885021311035734+0.0014416414081281064j;0.010408157959593505-0.010881109258648467j;-0.005871290233537142+0.00692687638143831j
41.08387499999999;0.0005898874218117677+0.0014156673833270591j;0.010406944825003291-0.010770229929482338j;-0.005869730265915643+0.006853230636580169j
41.208749999999995;0.0005912393969817452+0.0013902643794054372j;0.01040577272607812-0.010660729264209195j;-0.0058682054974389655+0.006780550112047335j
41.333625;0.0005925605615034473+0.001365401373598008j;0.010404635877432638-0.010552545002702352j;-0.005866711375404193+0.0067087910612711205j
41.458499999999994;0.000593849019136818+0.001341072303776213j;0.01040353874776041-0.010445664478123206j;-0.005865251005914642+0.006637945572815603j
41.583375;0.0005951070790579016+0.0013172636527794138j;0.01040247727566685-0.010340056291859967j;-0.00586382212549231+0.006567990496877032j
41.70824999999999;0.0005963381157585088+0.0012939548582749094j;0.010401445774494075-0.010235682965808741j;-0.0058624199474364485+0.006498900544443437j
41.833124999999995;0.0005975351405229125+0.0012711377989981882j;0.010400459895000776-0.010132520434278916j;-0.005861055609453207+0.006430658064451353j
41.958;0.0005987139059165985+0.0012487982184052927j;0.01039948571111523-0.010030543447743893j;-0.005859704466530998+0.006363247320936474j
42.082874999999994;0.0005998576427457261+0.0012269314982432562j;0.010398559474007106-0.009929733416685188j;-0.005858393464349371+0.006296652629582903j
42.20775;0.0006009850075401201+0.0012055009669879237j;0.010397644663376901-0.009830028702822138j;-0.00585709641625533+0.006230834754586606j
42.33262499999999;0.0006020791058035939+0.0011845150762201141j;0.010396774186508237-0.009731433816353791j;-0.005855836405404961+0.0061657936776508965j
42.457499999999996;0.000603149174131695+0.001163956828952293j;0.010395930709002459-0.009633917527635451j;-0.0058546012443687345+0.006101509187167481j
42.58237499999999;0.0006041935216994379+0.001143819159581845j;0.010395114466793046-0.009537460798021334j;-0.005853389851471906+0.006037966822917372j
42.707249999999995;0.0006052178530311812+0.0011240865428360884j;0.01039432149825481-0.009442034272813336j;-0.005852201717024835+0.005975147174976665j
42.832125;0.0006062237945065486+0.0011047509240169652j;0.010393547176135925-0.009347617994098428j;-0.005851032841740586+0.005913035780179758j
42.956999999999994;0.0006072020325005104+0.0010857959260094571j;0.01039280637089324-0.009254180120783863j;-0.0058498925310620994+0.005851611140488967j
43.081875;0.0006081594343827369+0.0010672193005825115j;0.010392087294482433-0.009161714812381507j;-0.005848772864250722+0.005790869704323895j
43.20674999999999;0.000609096225558799+0.0010490121525760388j;0.01039139304801242-0.00907019404037409j;-0.005847677305223047+0.0057307886554172766j
43.331624999999995;0.000610013252024014+0.0010311645574331365j;0.010390717062763614-0.008979600170882496j;-0.005846599266244413+0.005671356994718652j
43.4565;0.0006109156916792383+0.0010136596537038706j;0.010390055601378324-0.008889908785871703j;-0.005845537997785519+0.005612561449360117j
43.581374999999994;0.0006117962379239283+0.0009964943857735178j;0.010389422629153877-0.008801097548155029j;-0.005844503114093402+0.005554381520333246j
43.70625;0.0006126585971631959+0.000979663555864485j;0.010388803695235815-0.008713159932345602j;-0.005843481809199136+0.005496814875548345j
43.83112499999999;0.0006135026120595299+0.0009631499771688111j;0.01038820643345989-0.008626062105568308j;-0.005842482043787789+0.005439838394638959j
43.955999999999996;0.0006143288704810457+0.000946956792848716j;0.010387629566084272-0.008539800845435992j;-0.0058415028915494716+0.0053834471731654815j
44.08087499999999;0.000615135540528361+0.000931066615356628j;0.01038707360500317-0.008454348457763217j;-0.00584054321602423+0.005327624774794107j
44.205749999999995;0.000615927024618726+0.0009154806405602608j;0.010386530348255457-0.008369700401329755j;-0.005839597218185902+0.005272366606833542j
44.330625;0.0006167051556512787+0.000900186628001981j;0.010386002773976173-0.008285832708458896j;-0.005838669493269749+0.0052176564449563645j
44.455499999999994;0.0006174673783576196+0.0008851757219388787j;0.010385490303886797-0.008202723926093128j;-0.005837757084089632+0.005163478283650588j
44.580375;0.0006182137594735425+0.0008704439542072048j;0.010384996611541662-0.008120364686147394j;-0.00583686390048898+0.005109826316253507j
44.70524999999999;0.000618945302391094+0.0008559872255399018j;0.010384515988373394-0.008038744146506245j;-0.005835984631089489+0.005056692648445271j
44.830124999999995;0.0006196639744549398+0.0008417978071210801j;0.01038404731144528-0.007957843965386284j;-0.005835119497155358+0.005004063973243704j
44.955;0.0006203632138094411+0.0008278616403109909j;0.010383600298481413-0.007877639834835828j;-0.005834274173343673+0.004951924714039477j
45.079874999999994;0.0006210534863582695+0.0008141796712327534j;0.010383158659503226-0.007798128873823685j;-0.005833438183000618+0.004900272146518683j
45.20475;0.0006217287526691234+0.0008007478512256604j;0.01038273435734785-0.007719299221131584j;-0.005832620070093386+0.00484909697253048j
45.32962499999999;0.0006223949644302736+0.0007875531399242526j;0.010382316898427823-0.007641126306788371j;-0.005831812047920562+0.004798383994518811j
45.454499999999996;0.000623042008337221+0.0007745942185325011j;0.010381923755902186-0.0075636007800297875j;-0.00583102685970329+0.004748124243452126j
45.57937499999999;0.0006236755446880904+0.0007618716476022816j;0.010381541589792605-0.007486722953547499j;-0.005830253427574747+0.004698318534556781j
45.704249999999995;0.0006242988631875168+0.000749372474867914j;0.010381167769888656-0.0074104698064634406j;-0.005829491194839893+0.004648952331272091j
45.829125;0.000624910823241967+0.0007370938637784596j;0.01038080603104432-0.007334829982163896j;-0.005828743436158398+0.004600016197693343j
45.95399999999999;0.000625510877285386+0.0007250300740276648j;0.010380453683373682-0.007259791667542667j;-0.005828006616942896+0.0045515021614341965j
46.078875;0.0006260972247620553+0.0007131778405550064j;0.010380115648415275-0.007185344668659589j;-0.005827284466355574+0.004503402606348267j
46.20374999999999;0.0006266786988153722+0.0007015300536060837j;0.010379781826079897-0.007111476536097089j;-0.005826572499973828+0.004455710127037028j
46.328624999999995;0.0006272443642955372+0.0006900845336607619j;0.010379462105407675-0.007038174695224671j;-0.005825873348506431+0.004408413631764543j
46.4535;0.0006278003898196793+0.0006788327545661013j;0.010379150179554682-0.006965428153980727j;-0.005825184869845781+0.004361508133209541j
46.578374999999994;0.000628345326442379+0.0006677776865473689j;0.010378850504744613-0.006893235025212802j;-0.005824510561449406+0.004314990071707131j
46.70325;0.0006288815643983731+0.0006569055494446974j;0.010378558848497976-0.006821569870980947j;-0.005823847422275423+0.004268842788850098j
46.82812499999999;0.0006294077897796152+0.0006462241634973935j;0.01037827407558703-0.0067504437321836j;-0.005823193175085485+0.004223073370120751j
46.952999999999996;0.0006299253318379702+0.0006357159276123379j;0.010377995573667698-0.006679822143210931j;-0.005822547903287373+0.00417765815208819j
47.07787499999999;0.0006304339329102557+0.0006253851483978001j;0.010377726649563289-0.006609710759569683j;-0.005821915114392624+0.0041326010815502245j
47.202749999999995;0.0006309317483925575+0.0006152246078481929j;0.010377467264050009-0.006540092985320434j;-0.0058212935369643184+0.0040878900085972725j
47.327625;0.0006314173858318721+0.0006052315014866486j;0.010377219414451105-0.006470962628997552j;-0.005820683995646621+0.004043520896338998j
47.45249999999999;0.0006318898180097598+0.0005954087677149389j;0.010376991365815666-0.006402322540263884j;-0.005820094597926194+0.003999495686868304j
47.577374999999996;0.0006323715196627326+0.0005857638251063405j;0.010376735663796034-0.006334179316958302j;-0.0058194902385797845+0.003955816711529607j
47.70224999999999;0.0006328466321261911+0.0005762410638683949j;0.010376484462008458-0.0062664401296742625j;-0.0058188940754016205+0.003912424529769226j
47.827124999999995;0.000633296905633407+0.0005668834757864838j;0.010376267594776799-0.006199171577191371j;-0.005818325134062802+0.003869361033469427j
47.952;0.0006337459869251993+0.0005576783293737581j;0.010376047679910405-0.006132352171328809j;-0.005817759860048385+0.003826612881846197j
48.076874999999994;0.0006341847199757972+0.0005486188414405915j;0.010375836962448481-0.00606596579200952j;-0.005817204918668807+0.003784168468281106j
48.20175;0.0006346161301954631+0.0005397047436049227j;0.010375633533259168-0.00600000977342878j;-0.0058166606700192705+0.003742025759603286j
48.32662499999999;0.0006350375214036891+0.0005309349590065376j;0.010375437195479627-0.005934476929948411j;-0.00581612491164123+0.0037001782382813514j
48.451499999999996;0.0006354534344899356+0.0005222994890808769j;0.01037524497949135-0.0058693572999877625j;-0.005815597337919098+0.003658622890044594j
48.57637499999999;0.0006358626972108872+0.0005138032837701673j;0.010375054988913402-0.005804645840803237j;-0.005815074853914075+0.0036173516024916863j
48.701249999999995;0.0006362647422907194+0.0005054337657849281j;0.010374873518444933-0.005740324672337843j;-0.005814563939718402+0.003576354988553125j
48.826125;0.0006366570386987722+0.000497195503447196j;0.010374702799757607-0.00567639702837093j;-0.005814065115745212+0.00353563367024606j
48.95099999999999;0.0006370418643286829+0.0004890860141249648j;0.010374535564297363-0.0056128572865661724j;-0.00581357191811295+0.003495184286386621j
49.075874999999996;0.0006374212498279422+0.0004811035381529459j;0.010374370464656488-0.005549699238051875j;-0.005813084576420463+0.003455002241181771j
49.20074999999999;0.0006377967224385495+0.00047323904862962146j;0.010374208157242666-0.00548690413479154j;-0.005812604885369291+0.003415074186058409j
49.325624999999995;0.0006381626242372984+0.00046549229901267364j;0.01037405339595001-0.005424474905382511j;-0.00581213383287189+0.003375404025314707j
49.45049999999999;0.0006385242226655645+0.00045786308298514933j;0.0103739056592401-0.005362400954405641j;-0.0058116743322384375+0.003335981130096796j
49.575374999999994;0.000638876270106465+0.00045035051485173283j;0.010373760460243464-0.005300681886554963j;-0.0058112177639746306+0.0032968065211501085j
49.70025;0.0006392227852773172+0.0004429461045384539j;0.010373621449087787-0.005239305245060374j;-0.005810770869936102+0.0032578734887364486j
49.82512499999999;0.0006395636644515312+0.0004356556674326058j;0.010373485654481582-0.005178269106541938j;-0.005810330454410623+0.003219176574095508j
49.949999999999996;0.0006398986599959536+0.000428472272322393j;0.010373357266568677-0.005117567095813805j;-0.005809900879781647+0.003180714351612872j
50.07487499999999;0.000640228900125659+0.0004213946921777568j;0.01037322327547696-0.005057191956744443j;-0.00580946878616303+0.0031424804334581717j
50.199749999999995;0.0006405531428475449+0.00041441253119161095j;0.010373097975166144-0.004997133157529962j;-0.005809048492153541+0.0031044715456820067j
50.324625;0.0006408729979593738+0.0004075358975949555j;0.010372975294529968-0.004937389177845777j;-0.005808634767080691+0.003066679499037681j
50.44949999999999;0.0006411839089115589+0.0004007572058432234j;0.010372859255772506-0.0048779546932193885j;-0.005808228308277923+0.00302910453769225j
50.574374999999996;0.0006414914225402989+0.00039407460337527694j;0.010372747050946159-0.004818825242734949j;-0.005807830287020383+0.002991744002135758j
50.69924999999999;0.0006417939612592648+0.00038748633345180895j;0.0103726350596023-0.004759991981007596j;-0.005807435550701633+0.002954590031099687j
50.824124999999995;0.0006420894950403024+0.0003809895356822919j;0.010372530808818378-0.004701451786982107j;-0.005807050663234819+0.0029176420253054j
50.94899999999999;0.0006423784403777107+0.0003745859736919016j;0.010372429677698553-0.004643200896262335j;-0.005806671114795008+0.002880895253216796j
51.073874999999994;0.000642662357299715+0.0003682707854180227j;0.010372333572739922-0.004585233463272227j;-0.0058062998861864445+0.002844347319814991j
51.19875;0.0006429440805615612+0.0003620460614854482j;0.010372233516215707-0.0045275483163208785j;-0.005805929198526462+0.0028079960853062465j
51.32362499999999;0.0006432210410484385+0.0003559003686340479j;0.01037213950535231-0.0044701283164437985j;-0.005805567938830189+0.0027718319941643227j
51.448499999999996;0.0006434906321050476+0.0003498386706039067j;0.010372049791950813-0.004412974575069947j;-0.005805212413772074+0.002735853113713257j
51.57337499999999;0.0006437570328061987+0.00034386258991757194j;0.010371963001437742-0.00435608994967944j;-0.005804863940726471+0.002700062022706388j
51.698249999999994;0.0006440159784993783+0.0003379644879933966j;0.010371880387052074-0.0042994603888793295j;-0.00580452081705096+0.002664449739090944j
51.823125;0.0006442730152252676+0.00033214653953543907j;0.010371796350108516-0.004243086406043206j;-0.005804181020857682+0.002629015738512668j
51.94799999999999;0.0006445267203136675+0.00032640295242880634j;0.010371712903622193-0.0041869589957392265j;-0.005803845699993832+0.002593755095140319j
52.072874999999996;0.0006447718788424317+0.0003207334334999596j;0.010371639817536074-0.004131072095489106j;-0.005803521705088125+0.002558661818133183j
52.19774999999999;0.0006450154762573912+0.000315141535984457j;0.010371566071579283-0.004075433248938794j;-0.005803201787904992+0.0025237420653894775j
52.322624999999995;0.0006452557669612317+0.0003096188386096233j;0.010371489826619543-0.0040200232127653j;-0.005802882784825296+0.0024889818755289197j
52.44749999999999;0.0006454893248392023+0.00030416812853551866j;0.010371421722741473-0.003964848208211649j;-0.005802573722056045+0.0024543864522125385j
52.572374999999994;0.0006457198734155429+0.00029878660437928544j;0.010371353170236745-0.003909896501418051j;-0.00580226796680765+0.0024199457116289066j
52.69725;0.000645945090000599+0.00029347263350756707j;0.010371288847491663-0.003855171393518483j;-0.005801968912223039+0.002385664972070915j
52.82212499999999;0.0006461662770592257+0.00028822646543428783j;0.010371222733317887-0.0038006626535618017j;-0.005801671028887248+0.0023515333837963942j
52.946999999999996;0.0006463805702102902+0.0002830394707295722j;0.01037116054711399-0.003746368808351952j;-0.0058013781729560525+0.0023175561318394926j
53.07187499999999;0.0006466018287575928+0.0002779179546418707j;0.010371098812172444-0.003692285324880003j;-0.0058010966404067376+0.0022837243988579254j
53.196749999999994;0.000646812715098501+0.00027286277121033216j;0.01037103726062717-0.0036384071229371307j;-0.00580081355186076+0.0022500325725079992j
53.321625;0.0006470207587915299+0.0002678628202450288j;0.010370979840632061-0.0035847278434799944j;-0.005800538580021519+0.0022164824085296603j
53.44649999999999;0.0006472221040527961+0.00026292505225170015j;0.010370924673725891-0.0035312495020717134j;-0.005800267020702309+0.002183071602499048j
53.571374999999996;0.0006474202934983658+0.0002580446183362336j;0.01037087363105755-0.003477964620897716j;-0.005800003350435062+0.0021497958850922178j
53.69624999999999;0.000647613982286129+0.0002532216799764997j;0.010370823638242876-0.00342487036092976j;-0.0057997432054741616+0.0021166527582434915j
53.821124999999995;0.0006478041403233145+0.00024845413755311186j;0.010370775722476664-0.0033719667052509224j;-0.005799488362013209+0.002083644144437774j
53.94599999999999;0.000647990147193248+0.0002437430931968602j;0.010370730328104474-0.003319248475065115j;-0.00579923876652277+0.0020507642022996476j
54.070874999999994;0.0006481758177598097+0.00023908434736830218j;0.010370681124022807-0.0032667087742804255j;-0.005798990336854835+0.0020180091500805125j
54.19575;0.0006483561505211307+0.00023447674905828844j;0.010370636800178374-0.0032143420432300864j;-0.005798749022021469+0.0019853742434665003j
54.32062499999999;0.0006485312281155986+0.00022992240137274626j;0.01037059487599122-0.0031621531480497058j;-0.005798511993593446+0.0019528634103520457j
54.445499999999996;0.000648704346707182+0.0002254168927012445j;0.010370553154325404-0.0031101308723281767j;-0.005798278953098465+0.0019204686308234185j
54.57037499999999;0.0006488738444561701+0.00022096019179333824j;0.010370512365481767-0.003058275481002026j;-0.005798049969711495+0.001888190711348635j
54.695249999999994;0.000649039841330057+0.00021655051861610777j;0.010370473697609022-0.003006582635143054j;-0.005797826204742923+0.001856026354831967j
54.820125;0.0006492020631144929+0.0002121888109527549j;0.01037043903504273-0.002955050678051979j;-0.005797609143503444+0.001823973804671568j
54.94499999999999;0.000649361973134901+0.0002078736518124338j;0.010370401305668317-0.0029036768523301145j;-0.005797392467364007+0.001792031912459851j
55.069874999999996;0.0006495193860097575+0.00020359999395903167j;0.010370364241226716-0.0028524490400912263j;-0.005797180199892168+0.0017601913656000428j
55.19474999999999;0.0006496695715916071+0.00019937312211634533j;0.01037033302789337-0.0028013771696771836j;-0.0057969742625955875+0.001728459552000832j
55.319624999999995;0.0006498200609312748+0.00019518715349183847j;0.010370299915539803-0.002750448184066681j;-0.005796771797974992+0.0016968272124921841j
55.44449999999999;0.0006499646908890177+0.00019104195963817738j;0.010370271377952687-0.0026996625761147915j;-0.005796575271087794+0.0016652953607769862j
55.569374999999994;0.0006501064013990005+0.0001869425885640437j;0.010370245944163003-0.002649023504488879j;-0.005796385187370091+0.0016338642838157075j
55.69425;0.0006502438855901806+0.00018287384499951747j;0.010370214739431392-0.0025985225965661773j;-0.005796191036417544+0.001602536394188947j
55.81912499999999;0.0006503857783551762+0.0001788536304264121j;0.01037018306092012-0.0025481498046857516j;-0.005796004575816906+0.0015712884489484293j
55.943999999999996;0.0006505198355743638+0.00017486561335230174j;0.010370156525988165-0.002497907399268714j;-0.005795823232429345+0.001540135119042215j
56.06887499999999;0.0006506492061126815+0.00017091691152496067j;0.010370132170250786-0.0024477956574084567j;-0.005795646056109728+0.0015090720765277349j
56.193749999999994;0.0006507761944125334+0.00016700418719519522j;0.01037010650597761-0.0023978106407993496j;-0.005795470900174085+0.001478097805935056j
56.31862499999999;0.0006509011939771865+0.00016312543036388696j;0.01037008239085683-0.0023479465892083055j;-0.005795301103630793+0.0014472080215961018j
56.44349999999999;0.0006510204195456296+0.00015928124264543916j;0.010370062765884973-0.002298200707787564j;-0.005795136959227516+0.0014163996083447327j
56.568374999999996;0.0006511415280423725+0.0001554739871253083j;0.010370037630359229-0.0022485806313853243j;-0.0057949730456953044+0.001385679854437453j
56.69324999999999;0.0006512595844869847+0.0001516927889007036j;0.010370010945634294-0.0021990630428396327j;-0.005794810298764628+0.0013550319731928662j
56.818124999999995;0.0006513713588377195+0.00014794572673835701j;0.010369993906854606-0.0021496586066267614j;-0.005794658630620108+0.0013244619600876768j
56.94299999999999;0.0006514821704975407+0.0001442318156579074j;0.010369974646332093-0.0021003677847940454j;-0.005794508917241231+0.0012939712830183437j
57.067874999999994;0.0006515918814479771+0.00014054696979832332j;0.010369951049350857-0.0020511791665916365j;-0.005794358650643722+0.001263551091240614j
57.19275;0.0006516970423042015+0.00013688826090174286j;0.010369931850397945-0.0020020913499026053j;-0.005794214691272524+0.0012332024667303719j
57.31762499999999;0.0006517981781292981+0.00013325853299331336j;0.010369915439097911-0.0019531033871738016j;-0.005794075685125792+0.001202922851003152j
57.442499999999995;0.0006518983674144961+0.0001296581292366747j;0.010369897089450228-0.001904214769845858j;-0.005793938783140468+0.0011727119268033492j
57.56737499999999;0.0006519923056524969+0.0001260858512722833j;0.010369887189892266-0.0018554241078949894j;-0.005793811333854156+0.001142569597142814j
57.692249999999994;0.0006520880416982988+0.00012253982193045736j;0.010369867100010104-0.001806724049800471j;-0.005793679176592922+0.0011124896234371781j
57.81712499999999;0.000652181072954343+0.00011901738332444067j;0.010369849342481002-0.0017581134966609341j;-0.005793552362009499+0.0010824733589197763j
57.94199999999999;0.0006522698827561044+0.00011551713084800071j;0.010369833031053323-0.001709584577960159j;-0.005793429656150875+0.0010525131828785245j
58.066874999999996;0.0006523536556357372+0.00011204287580849747j;0.010369824757007384-0.0016611445283160548j;-0.005793316270288212+0.0010226146605605002j
58.19174999999999;0.0006524377000064264+0.00010859160987118904j;0.010369809306176467-0.0016127869897292974j;-0.00579320005321508+0.0009927738882647176j
58.316624999999995;0.0006525205027989958+0.00010516633899884404j;0.01036979334849399-0.0015645130075360968j;-0.005793087102032953+0.0009629903413765697j
58.44149999999999;0.0006525992125565834+0.00010175792788063827j;0.010369779138062593-0.0015163071575942351j;-0.005792977916158286+0.0009332542361560319j
58.566374999999994;0.0006526764456865434+9.836772725759944e-05j;0.010369765747134753-0.0014681757803962983j;-0.005792873232874411+0.0009035719525516649j
58.69125;0.0006527486671292896+9.500246155409774e-05j;0.010369757324189505-0.0014201201594354982j;-0.005792775141803678+0.0008739404727702935j
58.81612499999999;0.0006528192563948173+9.165525281326485e-05j;0.010369744641174222-0.0013721326896067483j;-0.005792676064389069+0.0008443569382549868j
58.940999999999995;0.0006528868658082935+8.832668231604059e-05j;0.010369734913236521-0.0013242123793662207j;-0.005792582838109014+0.0008148201390707904j
59.06587499999999;0.0006529533872083465+8.501652670174953e-05j;0.01036972414285996-0.0012763573656589967j;-0.0057924923097113536+0.0007853287712107854j
59.190749999999994;0.0006530176409714029+8.172341703050097e-05j;0.010369713675541148-0.0012285627319175915j;-0.005792405173219486+0.0007558789319362007j
59.31562499999999;0.0006530778840003365+7.844444967448428e-05j;0.010369702660121473-0.001180827314449291j;-0.005792319175538557+0.0007264719738230875j
59.44049999999999;0.0006531369836126498+7.518310175379814e-05j;0.010369694102858278-0.0011331493118224662j;-0.005792239740648897+0.0006971039070916589j
59.565374999999996;0.0006531923112840039+7.193763203514243e-05j;0.010369687223932635-0.0010855253296972681j;-0.00579216423081691+0.0006677726684399428j
59.69024999999999;0.0006532447361598179+6.870778211718969e-05j;0.010369679911295629-0.0010379575911747298j;-0.005792090879297291+0.0006384810905883092j
59.815124999999995;0.0006532972126713091+6.549090256579421e-05j;0.010369670429681583-0.0009904375612172266j;-0.005792019784492155+0.0006092223534425265j
59.93999999999999;0.0006533475260153685+6.228551355059759e-05j;0.010369660779721571-0.0009429644005425862j;-0.0057919514184209195+0.0005799971649088163j
60.064874999999994;0.0006533941285155032+5.909214210271009e-05j;0.010369651571154858-0.0008955340393893979j;-0.0057918854882321345+0.0005508012913876328j
60.18975;0.0006534358779157661+5.591068461776715e-05j;0.01036965000575118-0.00084814585396196j;-0.005791829002597595+0.0005216345062599298j
60.31462499999999;0.0006534774409951008+5.274420478292908e-05j;0.010369645187640844-0.0008008059272151691j;-0.005791773608282253+0.0004925015000042908j
60.439499999999995;0.0006535148237862623+4.958496818602406e-05j;0.010369640046278104-0.0007534975466618066j;-0.005791719440712597+0.0004633902472918642j
60.56437499999999;0.0006535507322047265+4.643740879934754e-05j;0.01036963493717211-0.0007062295734665998j;-0.005791669131120221+0.00043430755803442866j
60.689249999999994;0.0006535821790249087+4.3296753449494595e-05j;0.01036963433291551-0.0006589912722548188j;-0.005791625080171921+0.00040524526609551307j
60.81412499999999;0.0006536127022109408+4.016835020923687e-05j;0.010369631917767682-0.0006117909859447955j;-0.005791582732843983+0.0003762093136034468j
60.93899999999999;0.0006536395695042194+3.704737820362121e-05j;0.010369631878676485-0.0005646169945388597j;-0.00579154476417755+0.0003471910908212734j
61.063874999999996;0.0006536710869428524+3.393486292065681e-05j;0.01036962125400024-0.0005174721577151124j;-0.005791503237921041+0.0003181934049058706j
61.18874999999999;0.0006536911057718671+3.083113574120543e-05j;0.01036962451420712-0.00047035458992645846j;-0.005791473208805582+0.0002892143213332615j
61.313624999999995;0.0006537146053310996+2.7727360473561984e-05j;0.010369618800144214-0.0004232509324524538j;-0.005791440636813341+0.00026024608812561835j
61.43849999999999;0.0006537327557139419+2.4634090138712407e-05j;0.01036961790213623-0.00037617500589055396j;-0.005791414006503483+0.00023129633760266347j
61.56337499999999;0.0006537529487630791+2.154275545393166e-05j;0.010369611205437414-0.00032911125807859407j;-0.005791387030686699+0.00020235505457153434j
61.68825;0.0006537657347463051+1.845384918735529e-05j;0.010369613403715639-0.0002820620969729241j;-0.005791368967431554+0.0001734248766182521j
61.81312499999999;0.0006537769298702599+1.537263495775612e-05j;0.010369615086535255-0.00023502990836793587j;-0.005791353760038116+0.00014450492689206933j
61.937999999999995;0.0006537854927227155+1.2295166018409798e-05j;0.01036961683830627-0.00018801228139309154j;-0.005791341205920466+0.00011559596537568002j
62.06287499999999;0.0006537941367923958+9.220447886132584e-06j;0.010369614505395943-0.0001410035841701452j;-0.005791328904385218+8.669307481888253e-05j
62.187749999999994;0.0006538002974081112+6.146479013119377e-06j;0.010369612963847558-9.399967956368483e-05j;-0.005791320298835566+5.779356548678109e-05j
62.31262499999999;0.0006538048149715262+3.0742775506621862e-06j;0.010369611772317301-4.6999681823532355e-05j;-0.00579131552066659+2.8896105941329103e-05j
