0.12487499999999999;0.002261974200852373+0.00036276244775661735j;0.0039812973201874755+0.0005529897530642432j;-0.013743127755592693+0.00044780833264007613j
0.24974999999999997;0.00227744732788129+0.0007182644880195481j;0.003993491427736796+0.0010991336519433972j;-0.01373259221281465+0.0008889262989149327j
0.374625;0.00230686371849452+0.00105682923259642j;0.004017487315642887+0.0016291364371987527j;-0.01371136704001108+0.0013142082182800094j
0.49949999999999994;0.002357494443364961+0.001362352642823205j;0.004060597569899765+0.0021272030110337237j;-0.0136721028150662+0.0017080046086166943j
0.6243749999999999;0.002444990757079102+0.0016029190127490912j;0.004138623364934188+0.0025616040868952847j;-0.013598944669698729+0.002038619239468825j
0.74925;0.0026073161029768616+0.0017027791334523895j;0.004289883697300101+0.002856301842758008j;-0.013453383241330233+0.002229874019759841j
0.8741249999999999;0.0029623087632090345+0.0014272301174991162j;0.004633485989723629+0.0027745571571540853j;-0.013115797856599179+0.0020441532916645327j
0.9989999999999999;0.0041404065579612945-0.00048171880550379464j;0.005806708916640216+0.0010452058009624565j;-0.011945896118585562+0.0002044442161481877j
1.123875;-0.02539957408658035+0.05897372373832559j;-0.024077135047781598+0.06135796755583475j;-0.04198241801582172+0.06070489268523736j
1.2487499999999998;-0.00020655594504774902+0.009127357372359826j;0.0013688111105021328+0.011174601140328005j;-0.016426665659136967+0.01018360316774812j
1.3736249999999999;0.0007153405763153237+0.007774253022473622j;0.002275095889717596+0.010022463585876565j;-0.015528937039342244+0.008930077201413297j
1.4985;0.0010183272512464614+0.007678396283124347j;0.002552891776996989+0.01014809052873547j;-0.01526409680288085+0.00896317231017401j
1.6233749999999998;0.0011575070572348517+0.007935640919961691j;0.0026622046390361934+0.010638390436293457j;-0.015169997125463503+0.009365857483998138j
1.7482499999999999;0.0012300969460731209+0.008358118156471344j;0.002701210002272785+0.01130456350316078j;-0.01514803049081434+0.009948922534742714j
1.8731249999999997;0.0012700867170440822+0.008886261395483725j;0.0027042152723543416+0.01208771560692623j;-0.01516377205200993+0.010653771614825246j
1.9979999999999998;0.0012933166837539572+0.009499780440201205j;0.0026871761357218707+0.012968921618510758j;-0.01520122134376313+0.011462090465780873j
2.1228749999999996;0.0013092532305585582+0.010195586286588405j;0.002659643145687852+0.013947029803357904j;-0.01525077466439912+0.012373570478003724j
2.24775;0.001325384457935553+0.010981584467398497j;0.0026292881386500017+0.015032536936576826j;-0.015304726617218942+0.013399897912325463j
2.3726249999999998;0.0013495614547736137+0.01187644226086641j;0.0026042955366136263+0.016247696998446505j;-0.015354744532212139+0.0145648965147172j
2.4974999999999996;0.0013922908592542676+0.01291356886682711j;0.0025958308856591566+0.01763103019714483j;-0.015389375466846733+0.01590943308406271j
2.622375;0.00147016529522216+0.014151465990269077j;0.0026218461290172853+0.01924900089351889j;-0.015390075559950223+0.017503539963797516j
2.7472499999999997;0.0016131217005892623+0.015698392918197093j;0.0027150889027245688+0.021223394092034713j;-0.015322855726882889+0.0194750954449149j
2.8721249999999996;0.0018828138133095626+0.01777693628138094j;0.0029434921818503835+0.023803094126152568j;-0.015116970838753548+0.022084832869871j
2.997;0.0024306265896694296+0.020929370140330243j;0.0034746745771788634+0.027592136954915192j;-0.01459754928158578+0.02596457043112154j
3.1218749999999997;0.0037528523105044218+0.02692131894527769j;0.004859450039627292+0.03455297788581993j;-0.013189313227820864+0.03316532682198218j
3.2467499999999996;0.008947436822694797+0.0467351109234519j;0.010539836766530676+0.05688118012749013j;-0.0072957845082381075+0.05642820310475739j
3.3716249999999994;-0.03159888605119612-0.09534366274690809j;-0.034621997915521535-0.10050519419789436j;-0.05453568023471105-0.10803699151651058j
3.4964999999999997;-0.006841759254618118-0.005990747443966181j;-0.007219930922649635-0.0009190957975749349j;-0.025951759381491253-0.00404566365280234j
3.6213749999999996;-0.004460276535632171+0.004258561620005184j;-0.004695993534148631+0.010875309644707867j;-0.02337025089228137+0.008247589913213697j
3.7462499999999994;-0.0037313179373279944+0.008824330125191356j;-0.004021506743174252+0.016396492274456657j;-0.022727195734337662+0.014002736236083002j
3.8711249999999997;-0.0035079249551731237+0.011793693807315063j;-0.003923768963045152+0.020187778144475553j;-0.022693516951973303+0.01796833955601971j
3.9959999999999996;-0.003523563419721357+0.014140704705501918j;-0.004108960450275413+0.02333730978251758j;-0.022963234483608833+0.021284102757264035j
4.120875;-0.0036871708700574202+0.01622482525246888j;-0.004478809121091328+0.026252330538479335j;-0.023434920741032223+0.02437897748630897j
4.245749999999999;-0.003963107507793466+0.018217905882396912j;-0.0049973859954920204+0.02913355558479987j;-0.024072666128252027+0.02746699423415038j
4.3706249999999995;-0.0043390648898449374+0.020220743080623424j;-0.005655638827319667+0.03210512219799438j;-0.024869075232907212+0.030683198654815946j
4.4955;-0.004815410454532472+0.022304597686742717j;-0.0064599428121804095+0.03526128735860589j;-0.025833465275776023+0.034132730383001866j
4.620374999999999;-0.0054017025215246685+0.024529104808649164j;-0.007428768586681695+0.03868724333347097j;-0.026988584634066344+0.03791296145066465j
4.7452499999999995;-0.006116360037340143+0.02695145283338231j;-0.008593127607689864+0.042470400079455815j;-0.028371500758798622+0.04212578129895928j
4.870125;-0.006988659376930896+0.029631448201379546j;-0.010000088216414819+0.046707441697470334j;-0.030037819901031725+0.04688563429056373j
4.994999999999999;-0.008063474925439471+0.032633715107120834j;-0.011720304005469112+0.05150833395775671j;-0.03207054575749231+0.052324347640967064j
5.1198749999999995;-0.009410774068933436+0.03602452803888611j;-0.013862607616156632+0.05699369573829955j;-0.03459711150929691+0.05858891187260419j
5.24475;-0.011145240019677698+0.03985364727514901j;-0.0166038641915289+0.06327205331392009j;-0.03782407576126429+0.06581666041838011j
5.369624999999999;-0.013471614205784103+0.044086150340252844j;-0.020257268955045024+0.07034681964847446j;-0.04211637934449063+0.07403062527849816j
5.4944999999999995;-0.01680887072272396+0.04834252048049183j;-0.025458638450255446+0.07774745843295833j;-0.04821310075963342+0.08271949222001328j
5.619375;-0.02223975261263092+0.05071284243823045j;-0.03383735309791966+0.0828101270312057j;-0.058003373378622436+0.08886612012374898j
5.744249999999999;-0.03422149923671847+0.03946703337241423j;-0.05205097747382198+0.06851460303178114j;-0.07918807342061973+0.07294990751952599j
5.8691249999999995;-0.1661492526435589-0.3527745927571522j;-0.2487335770234812-0.5067163239533407j;-0.306557744577327-0.5891842875977518j
5.994;0.005781532811562021+0.28093727352451225j;0.006141003908809988+0.43514030348834676j;-0.012451807817675277+0.49871570456532915j
6.118874999999999;-0.010246801945742018+0.3525087023573841j;-0.01832198752366456+0.5558294733475051j;-0.040959569576167684+0.6428629762820457j
6.2437499999999995;0.11371609176567982+0.828694832221187j;0.17866394983627104+1.3206775393360934j;0.1909148051661061+1.546068137489315j
6.368624999999999;0.6804722360064052-0.8051090929267355j;1.0933023740595411-1.2927530880091942j;1.2730431039501342-1.5375107456155845j
6.493499999999999;0.1342619985482617-0.3080706232162408j;0.2165966186854015-0.49862782635047137j;0.23757062853852567-0.6012448011134686j
6.6183749999999995;0.07098982479683197-0.18203814575692243j;0.1148115368041507-0.29684517678586275j;0.11725928533219539-0.3633821579075054j
6.743249999999999;0.04892623138107797-0.12788005281424406j;0.07929564579056939-0.2101004314699641j;0.07526667054982349-0.2612621108773732j
6.868124999999999;0.037911601636988555-0.09799717330475718j;0.06156012412862301-0.1622504337616153j;0.054292368128148485-0.20505313942204095j
6.992999999999999;0.03134396631588587-0.07910026236022186j;0.05098181616986112-0.13201905306493447j;0.041779152295437966-0.1696481460979923j
7.117874999999999;0.02699168806740823-0.06607445437306994j;0.04396848742804144-0.11121176072694666j;0.033480251290488025-0.14537533072128456j
7.242749999999999;0.02389912350957768-0.05654330808351306j;0.038981669948826854-0.0960190046864981j;0.027576714012003817-0.12773765732428616j
7.367624999999999;0.021590438595563866-0.04925599415521101j;0.03525533234914772-0.08443453629253614j;0.02316283064628788-0.11436651585383201j
7.492499999999999;0.01980255784733742-0.04349279150276658j;0.032365940975772646-0.07530339278468384j;0.019737870605732025-0.10389826503827576j
7.617374999999999;0.018378262028528172-0.038810752083723435j;0.030060442262946012-0.06791449780227966j;0.017002629581107986-0.09549321734545888j
7.742249999999999;0.017217879848898908-0.03492261679870823j;0.02817841833684354-0.06180656517910677j;0.014767414629118937-0.08860673850316059j
7.867124999999999;0.016255191858232924-0.03163405742693022j;0.02661321816757353-0.05666743585298184j;0.012906111141105023-0.08287022390854717j
7.991999999999999;0.015444460608423426-0.02880895670116379j;0.02529122417990798-0.052278448894206984j;0.011331691805578043-0.07802553873645138j
8.116874999999999;0.014753091733701682-0.02634915387797284j;0.024159932157185825-0.048481903596043735j;0.009982028126904427-0.0738865734726787j
8.24175;0.014157254107083557-0.02418210359799705j;0.023180916980180457-0.04516123446000559j;0.00881166205990704-0.07031577207406882j
8.366624999999999;0.013639099377806293-0.022253002860213866j;0.02232539383685439-0.04222845397145978j;0.007786518539180147-0.06720939057028714j
8.491499999999998;0.013185014507929796-0.02051969586495273j;0.021571348840659543-0.03961587762622367j;0.006880519566805306-0.06448762858478209j
8.616375;0.01278444060734001-0.018949213317554087j;0.020901681105136388-0.03727060182730027j;0.006073410218678674-0.06208820562634461j
8.741249999999999;0.01242907042240764-0.017515386005620828j;0.020302883769599326-0.035150666751963225j;0.005349131970887315-0.059961763726200164j
8.866124999999998;0.012112285098100141-0.01619717014808808j;0.019764140357482075-0.03322236944308341j;0.004694840019170251-0.05806870106317541j
8.991;0.011828755040230714-0.014977457555100125j;0.01927668685520313-0.031458304644437815j;0.004100063963699309-0.05637688018891454j
9.115874999999999;0.011574141338204582-0.013842164131856773j;0.01883333816703495-0.029835973412987316j;0.003556212125521402-0.054859951309156815j
9.240749999999998;0.011344909181418483-0.012779603411801246j;0.018428127789433514-0.028336704660075183j;0.0030561122638727845-0.05349612436313018j
9.365625;0.011138134066310998-0.01177997680270965j;0.01805606269349891-0.0269448689389413j;0.002593734476461001-0.052267173699247466j
9.490499999999999;0.01095141508188042-0.010835003787641755j;0.017712924415801107-0.025647275832543625j;0.0021639129084119035-0.05115779119205338j
9.615374999999998;0.010782769239626538-0.009937651430689125j;0.017395089208631382-0.024432701808394578j;0.0017621833059441021-0.050154965845107265j
9.74025;0.010630557453588412-0.009081883441380206j;0.01709943451843748-0.02329150410713751j;0.0013846380612121331-0.04924760229537354j
9.865124999999999;0.010493463933231669-0.00826250844951137j;0.016823232347061255-0.02221536032655157j;0.0010277598713405549-0.048426112322277844j
9.989999999999998;0.010370404244384965-0.007475029169960923j;0.016564060271722584-0.021197020074239025j;0.0006883727479026719-0.04768219202393742j
10.114875;0.010260595186283862-0.006715545158399201j;0.01631971844958548-0.02023010481666223j;0.00036349483273953685-0.04700852396466866j
10.239749999999999;0.010163439493465602-0.005980670446626781j;0.01608820253774601-0.019308959421206234j;5.028611094818388e-05-0.04639863342348289j
10.364624999999998;0.010078581284422378-0.005267473494606035j;0.01586761815981489-0.018428523654611367j;-0.0002540970514221517-0.045846680502073j
10.4895;0.01000596134448348-0.0045734544669706265j;0.015656117358221894-0.01758416508346793j;-0.0005525826055547633-0.04534732934324495j
10.614374999999999;0.009945741680789169-0.00389649838047185j;0.015451851973420761-0.016771651873171915j;-0.0008482685871967345-0.04489551811407265j
10.739249999999998;0.00989845992556494-0.0032349231191811057j;0.015252870075386997-0.015986965092624074j;-0.001144696383234552-0.04448632854589836j
10.864125;0.00986508001792516-0.002587463514641732j;0.015057034139397832-0.015226216116297688j;-0.0014460202955569796-0.044114771569442j
10.988999999999999;0.009847152449516795-0.001953406010484127j;0.014861842292102917-0.014485510522699115j;-0.0017573611773669113-0.04377546950497736j
11.113874999999998;0.009847055320661803-0.0013327302335321336j;0.014664194883795707-0.013760735846503919j;-0.0020853456074835758-0.04346223866247442j
11.23875;0.00986844380828466-0.0007264017638553225j;0.014460059297669582-0.013047278385823678j;-0.00243903063059691-0.04316745456309027j
11.363624999999999;0.009916838535157398-0.0001368579819947249j;0.01424385061994117-0.012339565209282274j;-0.002831277653748217-0.0428810436164701j
11.488499999999998;0.010001068892108958+0.00043107821356980387j;0.01400728031414402-0.011630348741139515j;-0.00328153008138571-0.04258837931502641j
11.613375;0.010135621216996123+0.0009683264263585772j;0.013737301388475521-0.01090905704213094j;-0.0038209341206161904-0.04226686259255523j
11.738249999999999;0.01034596292356332+0.0014577436179306381j;0.013411516976159606-0.010158817988005076j;-0.004503118396705657-0.04187793525479795j
11.863124999999998;0.010680927580065872+0.0018649735462165518j;0.012987672310743966-0.009348968467111012j;-0.005430018770923924-0.04134902120433723j
11.988;0.0112468683416366+0.002113214689038358j;0.012374406188937485-0.008414742889884986j;-0.006822404100734468-0.0405232072140349j
12.112874999999999;0.01232694068839932+0.0019952892583104415j;0.011329375330408741-0.00718649066158855j;-0.009266571761126493-0.03898394945472383j
12.237749999999998;0.015007063780202338+0.000711800894826334j;0.008924576822994815-0.00501774642856409j;-0.015008725186673465-0.03513534082207708j
12.362624999999998;0.030915737384064654-0.010314666596109358j;-0.004773317794505147+0.004999897107257909j;-0.048095007161006995-0.011889439067006822j
12.487499999999999;-0.007438795763714124+0.01871159248425971j;0.02788573840075236-0.017220402653949203j;0.03103352695420693-0.06842417858664361j
12.612374999999998;0.002465855010555143+0.012154024477347323j;0.019328333522704064-0.010781907655121123j;0.01038022868010445-0.05408523728886251j
12.737249999999998;0.0046876109291986625+0.011287404201760302j;0.017338958883100164-0.00891124155740276j;0.005621608229040981-0.051078831243302064j
12.862124999999999;0.005651410494667303+0.01137367646760885j;0.016429129356942813-0.007790762734228457j;0.0034714918184070736-0.04996413102132594j
12.986999999999998;0.006180184916744635+0.011807952960901157j;0.015895485273872436-0.006930224460767912j;0.0022275657046807416-0.04953248578165417j
13.111874999999998;0.006507360410116141+0.012420289254841772j;0.015538161273926964-0.006189412572094204j;0.001406388843661172-0.04944150082928307j
13.236749999999999;0.006724178373557507+0.013145725142209946j;0.015278713031252326-0.005512449861342636j;0.0008184017263366686-0.04955773203713709j
13.361624999999998;0.0068732155272254476+0.013955141113489668j;0.015080072610723695-0.004872176974335675j;0.0003745848004626483-0.049819025476585774j
13.486499999999998;0.006976516133874662+0.014834517742196048j;0.014922573742438808-0.004253337969306077j;2.8033198892316903e-05-0.050193154659412174j
13.611374999999999;0.0070460187343930804+0.015777036276728825j;0.01479487880664029-0.003646353073525257j;-0.00024758033247920634-0.05066208787591994j
13.736249999999998;0.007087970147958732+0.016779647542301615j;0.014690130815971824-0.003044486448110763j;-0.00046737344908945495-0.051215278893131454j
13.861124999999998;0.007104804277114494+0.017841256345382625j;0.014604089737847506-0.002442529424064266j;-0.0006394211665850264-0.05184611984424499j
13.985999999999999;0.007095813400725037+0.01896158011900912j;0.014534195800821293-0.0018359845514496508j;-0.0007665989671170057-0.05254999310097238j
14.110874999999998;0.007057017428787685+0.02014015625588796j;0.0144791594804163-0.0012206457397793678j;-0.000847130753115469-0.053322565929630736j
14.235749999999998;0.006980205287531528+0.021375003227095915j;0.014438762449113345-0.0005921515968549997j;-0.0008738617189656189-0.054158130837794936j
14.360624999999999;0.006850543868907415+0.022660646184640774j;0.01441391137208726+5.452938243074353e-05j;-0.0008318535903450667-0.055047215724040366j
14.485499999999998;0.006641983452684406+0.023983918029963892j;0.014407137993256398+0.0007256519131545754j;-0.0006935338080499677-0.05597170057016912j
14.610374999999998;0.006306593415071841+0.025315621180028582j;0.01442362846210776+0.0014300436310249074j;-0.00040722895251976525-0.05689546224351093j
14.735249999999999;0.005749769604599413+0.026589874861087742j;0.014473968528629495+0.002181844365309951j;0.00012987593180602101-0.05774121551647635j
14.860124999999998;0.004759909427522376+0.027646206398832633j;0.014581697585172233+0.003008182573523009j;0.0011482777315167713-0.05832606222473055j
14.984999999999998;0.002759141719061004+0.028023204289658217j;0.01481055763354768+0.003975928516490265j;0.003277528101477331-0.0581316753594022j
15.109874999999999;-0.0025529704128540304+0.025834107026777384j;0.015411879847278724+0.005336662948292057j;0.009023209323009453-0.05505339579922908j
15.234749999999998;-0.039588647474836786-0.00246167119957618j;0.019476004610912572+0.01013031619621121j;0.04932445290020396-0.022897179037403282j
15.359624999999998;0.03904059080498778+0.06541604209767699j;0.010983005068957264+0.0026327919674824906j;-0.03630924944074466-0.09768290950243591j
15.484499999999999;0.02271772302118045+0.054810672744635955j;0.01283164715534761+0.005336314984430718j;-0.018534283952162427-0.08510780608111165j
15.609374999999998;0.01916341493790682+0.055114853445762065j;0.01331603338901572+0.006755280059690668j;-0.014645523477009616-0.08460286328377518j
15.734249999999998;0.01796282080032698+0.057745925651632175j;0.013573815801867175+0.00801743187921801j;-0.013298644388133609-0.08660562276697345j
15.859124999999999;0.017692685422157413+0.06159234108706245j;0.013767376527934692+0.00929509975819768j;-0.012938983883801667-0.08986084109186308j
15.983999999999998;0.01796909613107477+0.06642223528574898j;0.013948968806832104+0.010655573902146546j;-0.013141731913929196-0.0940866437793938j
16.108874999999998;0.0186789419466373+0.07225190170603933j;0.01414573247533385+0.012145644673085328j;-0.01377408987365737-0.09926990422326432j
16.233749999999997;0.019821672204603815+0.07922197374574586j;0.014379306896057388+0.013812086248822866j;-0.014821585554398352-0.10552571745433076j
16.358624999999996;0.021472064545913896+0.08757839217194077j;0.014673619896402881+0.01571128705417977j;-0.016345012341299932-0.11307143593859761j
16.4835;0.023785430873144997+0.0976913118418669j;0.015061186573008468+0.017917831014942764j;-0.01848186134784808-0.12224088961132137j
16.608375;0.027032673892388552+0.11010744755688567j;0.0155913847980678+0.02053640903273006j;-0.021476784293540115-0.13353081587446097j
16.733249999999998;0.03168327839110013+0.12564259129020255j;0.016345930205243782+0.023719909118528434j;-0.025756709492464922-0.1476844909689854j
16.858124999999998;0.038575367157819646+0.14555071533409175j;0.017468868580116294+0.027701767565038806j;-0.03208575621315404-0.1658460869055742j
16.982999999999997;0.049311051873680116+0.1718328944298986j;0.01923580584021551+0.03285437612459235j;-0.04192597936193932-0.18984244116017884j
17.107874999999996;0.06722496820672202+0.20779657738948798j;0.022224239865671486+0.03979646766284505j;-0.05832166675247294-0.22269380880966988j
17.23275;0.10010243481611575+0.2590000774034855j;0.027795616433249987+0.049581872300403694j;-0.08838152470943875-0.2694768010109342j
17.357625;0.16895821746189543+0.3336465852815486j;0.03966976012304206+0.06383103659308731j;-0.15129536075521385-0.3376851047527516j
17.482499999999998;0.3391168649546467+0.42812821425220143j;0.06960900444733431+0.08234904175678819j;-0.30671927181131764-0.4240317486401891j
17.607374999999998;0.75628588714489+0.35480918404773354j;0.14509065332763282+0.07243519055979095j;-0.6877395915090653-0.357181267114908j
17.732249999999997;0.8353941751400388-0.3152720701671503j;0.16397168457788802-0.047022650361125046j;-0.7601083694873965+0.2546757738257344j
17.857124999999996;0.3825628674841334-0.4748166153460014j;0.0837631648224815-0.07842753000735637j;-0.34663490428270455+0.4003524015071989j
17.982;0.18272872435333815-0.3799366278579184j;0.04726326364008502-0.062357163921906766j;-0.1641725992698737+0.31363988019453815j
18.106875;0.10511392396785423-0.298691885237877j;0.032842770333359264-0.04786703125648117j;-0.09332453911180529+0.23935295847512894j
18.231749999999998;0.07003770840384865-0.24255509493216318j;0.026291967658978607-0.03755097741761257j;-0.06132464550416597+0.18797943996383543j
18.356624999999998;0.052826407724247404-0.20228902594374018j;0.023189649567687858-0.029867667976558016j;-0.04563586025229413+0.15108977682745217j
18.481499999999997;0.04697201386360265-0.16922769054246023j;0.022651790700391833-0.02306699664642267j;-0.04029828617717318+0.12078580816584666j
18.606374999999996;0.1369920094265079-0.0540692662161642j;0.051272576900918576+0.007763423353173926j;-0.12194127679352496+0.016039236242447685j
18.73125;0.008946174503655938-0.1573307155233569j;0.012200898394430337-0.02282664163459286j;-0.005824614437700507+0.10943557851506075j
18.856125;0.013285457434871771-0.13689644263191778j;0.013899642630450695-0.017982054424874105j;-0.009784806172666263+0.09063267087235419j
18.980999999999998;0.013170557052914148-0.12408030293117053j;0.01412044340971434-0.015031076649613506j;-0.009711887560920101+0.07873946318006007j
19.105874999999997;0.012448859384677907-0.11425663140568953j;0.014087875615114528-0.012726039305102549j;-0.009093381957762672+0.06955577761568293j
19.230749999999997;0.011682901269253292-0.10628087679782842j;0.013997289774589448-0.010786355874963946j;-0.008438344876157692+0.062040235727765944j
19.355624999999996;0.010990988010536116-0.09962170268831634j;0.013899072654991195-0.009092439421382763j;-0.007853423155919463+0.05570833884537429j
19.4805;0.010392651336480437-0.09396257008627049j;0.013808266791964518-0.007577008674518146j;-0.007355832011164782+0.05027086105266086j
19.605375;0.009881164831951375-0.08909193679565454j;0.013729108769840234-0.006196498075498241j;-0.006939295013777118+0.04553401271998104j
19.730249999999998;0.009444194157722872-0.08485803400784653j;0.0136621429238264-0.004920234486535675j;-0.00659247571446102+0.0413585025991609j
19.855124999999997;0.009069266943238416-0.08114877910987527j;0.013606703377605231-0.003725518060259926j;-0.006304035061416335+0.03764096915178796j
19.979999999999997;0.008745390639805414-0.07787785675798517j;0.013561766985905666-0.0025948491629450426j;-0.006064044215193786+0.03430158915582023j
20.104874999999996;0.008463557096397557-0.07497830428629018j;0.01352634938661888-0.0015143573152115383j;-0.005864418122619441+0.03127800470721168j
20.22975;0.008216149154740116-0.07239672579067959j;0.013499534689341031-0.0004727568757622973j;-0.005698383694604649+0.02852018875644178j
20.354625;0.007997208253691084-0.0700904396505795j;0.013480578699004354+0.00053940146141742j;-0.005560669294807308+0.025987658341121624j
20.479499999999998;0.00780168971101996-0.06802462040446036j;0.013468892018797191+0.0015301626680734176j;-0.005446910467054039+0.02364701426839889j
20.604374999999997;0.007625501948117546-0.06617082094123904j;0.01346411395428658+0.0025065588440519315j;-0.0053537245611386414+0.021470466773704844j
20.729249999999997;0.007465297179439322-0.06450551562589368j;0.013465887351254896+0.003474769540358488j;-0.0052782992089936516+0.01943464442181983j
20.854124999999996;0.00731823233933152-0.06300921922068148j;0.013474043572579064+0.004440530741758951j;-0.005218408263885085+0.017519529536226423j
20.979;0.007181896494483425-0.06166569804812413j;0.013488545903218557+0.005409083212736872j;-0.0051722932278652715+0.015707951474455674j
21.103875;0.007054269284239245-0.06046144786818429j;0.013509386870993595+0.006385485954732789j;-0.005138515211127044+0.013984878350338695j
21.228749999999998;0.006933584540170212-0.05938519342334327j;0.013536719924842597+0.0073746555739086055j;-0.005115997705694023+0.012337025750034272j
21.353624999999997;0.006818242666869802-0.05842760284138113j;0.013570818498601048+0.008381413679045576j;-0.005103917175176655+0.01075259440841175j
21.478499999999997;0.006706842163487587-0.057580940371331456j;0.013612003913412399+0.009410653476511224j;-0.0051016485213159005+0.009220849645814273j
21.603374999999996;0.006598039970525035-0.05683898128451333j;0.013660731496933266+0.010467429466672833j;-0.005108757122581093+0.007731960932775554j
21.72825;0.006490638215057657-0.056196752099978084j;0.013717580740629263+0.011557037281932532j;-0.0051250458625532085+0.00627673091543228j
21.853125;0.00638342867210157-0.055650467495816716j;0.01378324864649806+0.012685101192520877j;-0.005150440607226559+0.004846461290298107j
21.977999999999998;0.006275173990945199-0.05519740378667484j;0.01385864208340837+0.013857649220201806j;-0.00518508168759296+0.003432775233386895j
22.102874999999997;0.006164724282572499-0.05483594884622985j;0.013944746581393315+0.0150813419417914j;-0.005229250302960455+0.002027411950126267j
22.227749999999997;0.006050737123075111-0.05456539097511952j;0.014042815217333667+0.016363400666389367j;-0.005283393768605231+0.0006221553929902944j
22.352624999999996;0.005931834107540404-0.05438619521828459j;0.014154373132607655+0.017712048284503706j;-0.005348230474574589-0.0007914502568604073j
22.4775;0.005806438951171047-0.05429980668983048j;0.014281219735196212+0.019136428904889837j;-0.005424641537671968-0.002222142764116971j
22.602375;0.005672872190197454-0.054308836842024685j;0.014425461855783975+0.02064698202132921j;-0.005513775288409723-0.0036792181052877904j
22.727249999999998;0.005529064718172197-0.05441719059782611j;0.01458978635699701+0.02225570922396838j;-0.005617149248273294-0.005172723645017514j
22.852124999999997;0.005372747942944359-0.0546300875474653j;0.01477720927702286+0.023976360821724756j;-0.0057365083020967204-0.006713626401333625j
22.976999999999997;0.005201061583005996-0.054954551199950526j;0.01499164890562654+0.025825253240654565j;-0.00587417910014287-0.008314371879707341j
23.101874999999996;0.005010678401836534-0.0553992900061745j;0.015237724991864356+0.027821226606313518j;-0.006032956881146245-0.009988875298936224j
23.22675;0.004797512565303239-0.055975567296770584j;0.015521122562094924+0.029987073122896724j;-0.006216291896247422-0.011753461602267078j
23.351625;0.004556347993372102-0.0566972881179339j;0.015849061493007924+0.03234984955728368j;-0.006428580520799669-0.013627112110839282j
23.476499999999998;0.004281101530864572-0.057581885105703376j;0.01622991469385948+0.03494251468638328j;-0.006674952174722283-0.015632564498391427j
23.601374999999997;0.003963350645399901-0.058651358405303194j;0.01667501282528903+0.03780561437904882j;-0.006962276524273784-0.017797361602830856j
23.726249999999997;0.0035931692177042576-0.059933252653839184j;0.017197319958433016+0.04098950304165006j;-0.007298385261247636-0.020155460972059617j
23.851124999999996;0.0031567390166998485-0.06146328531477833j;0.017814080872878654+0.04455863407840702j;-0.007693503717848962-0.022749905645611655j
23.976;0.002637082969763574-0.06328639396644453j;0.018544626273806514+0.048595015933985866j;-0.008158732732281185-0.02563547670300042j
24.100875;0.0020111156060412666-0.0654638427809977j;0.019411997216685163+0.05321040694950627j;-0.008706537239883641-0.028886456172710708j
24.225749999999998;0.0012493931080153203-0.06807712591102565j;0.020436462226800713+0.05855794357778411j;-0.00934540658107881-0.03260517278802469j
24.350624999999997;0.00031637878260309255-0.07124509992453577j;0.02161809894618908+0.06486926593297065j;-0.010065911688682136-0.03694724071739976j
24.475499999999997;-0.0008212369027484033-0.07515574126580446j;0.022867375218150455+0.07253846271394314j;-0.010786612065551805-0.042180929740832374j
24.600374999999996;-0.0021274193801627643-0.08019108265801812j;0.02365866220308966+0.08246108834578444j;-0.011091683226252352-0.04892749089616068j
24.725249999999996;-0.0028563804342467596-0.08786110570429831j;0.020012192843556063+0.0986784431002285j;-0.007959461031503783-0.06004681257050956j
24.850125;-0.023900445731879567-0.07050071424344671j;0.10634413415794582+0.04180727277345939j;-0.07221523892141045-0.01882878318481943j
24.974999999999998;-0.016415797868924317-0.09573721400875218j;0.05811785334281434+0.1044510383513502j;-0.03519851627869899-0.0627302808512094j
25.099874999999997;-0.0228350564440938-0.10784368571853237j;0.06606317487998384+0.1267143361631731j;-0.03992131808087876-0.07752442332114312j
25.224749999999997;-0.03438170093165975-0.1221895250222772j;0.08440836772310684+0.1515530929162894j;-0.051682654221371846-0.0937884616635699j
25.349624999999996;-0.054675310765245635-0.13990915573196142j;0.11785339641999658+0.18150277994003253j;-0.07330821753056377-0.11326011167411008j
25.474499999999995;-0.09231284081311535-0.15917524144552547j;0.1803191531155075+0.21352049867380785j;-0.11373874217808876-0.1339558428750693j
25.599375;-0.1628803894602152-0.16480932632477502j;0.29723883345085894+0.22216565256755014j;-0.18932250368821296-0.13936042173144353j
25.724249999999998;-0.2606682498573829-0.100892128055485j;0.4579377288479881+0.1148263596600077j;-0.2928703150956616-0.06963560179082526j
25.849124999999997;-0.2672194280879282+0.04771151848652749j;0.46558724598808254-0.13113855891597853j;-0.29705739507062545+0.0892588956016703j
25.973999999999997;-0.1708255739035574+0.12116064355925925j;0.3040592097409081-0.25034151766459056j;-0.19225697800725017+0.16569629862695395j
26.098874999999996;-0.09659812181734478+0.11858007013125492j;0.18089269820265103-0.24391385469170895j;-0.11264096905425215+0.1610347058496865j
26.223749999999995;-0.056677225046579155+0.09957841430220274j;0.1149869489849021-0.21097920198095585j;-0.07012735540601697+0.13941525677922495j
26.348625;-0.03513386942256256+0.08171128862431358j;0.07955285613570012-0.1803261114509309j;-0.04730896978056672+0.11936861786184003j
26.473499999999998;-0.02268765554692399+0.06744596049818459j;0.05914301407420729-0.15585324779856727j;-0.03418667001945871+0.1033681773987937j
26.598374999999997;-0.014985853448357924+0.0563332817958527j;0.046544770610512626-0.13672404815339312j;-0.026099601048161194+0.09085091450880843j
26.723249999999997;-0.009934437926161499+0.04761441567367207j;0.038299019867993896-0.12163527459221748j;-0.020815123882508425+0.08096351498030316j
26.848124999999996;-0.0064596958229819566+0.040668494936082704j;0.03263659338498468-0.10953385802233315j;-0.017192465900442697+0.07301954174259268j
26.972999999999995;-0.003975603228463428+0.035044806984269684j;0.028593943097931077-0.0996591623136005j;-0.014610845917694099+0.06652407132916505j
27.097875;-0.0021415926068688355+0.030422197241061984j;0.025612217556676482-0.09147069476993132j;-0.012710496259221295+0.061125770802181956j
27.222749999999998;-0.0007509465792845571+0.02656980170843235j;0.023352822047388144-0.08458058822673792j;-0.011273607758878566+0.05657266330580288j
27.347624999999997;0.0003274340737532606+0.02332043423192658j;0.02160135245714789-0.07870820425547903j;-0.010162343723054875+0.052682479316679125j
27.472499999999997;0.0011798329398803875+0.020550442285502957j;0.0202169385535584-0.07364615972262059j;-0.00928620563256941+0.04932056751164309j
27.597374999999996;0.0018649461281173055+0.018166937458400062j;0.019103851258891656-0.06923865068241097j;-0.008583720915943494+0.04638574291966355j
27.722249999999995;0.0024234682623250113+0.01609895555040972j;0.018195881730561077-0.06536670425600474j;-0.008012423381801612+0.04380075306089057j
27.847125;0.0028846023187922105+0.014291570009352262j;0.01744552732619382-0.0619381945905621j;-0.0075418452137789495+0.0415057627858511j
27.971999999999998;0.003269652518200021+0.012701619403650284j;0.01681817052320861-0.058880726467097355j;-0.007149791097121842+0.039453739330729515j
28.096874999999997;0.0035942515485714913+0.011294752576032005j;0.016288477501543337-0.05613663359584563j;-0.006820041428140154+0.03760720355096096j
28.221749999999997;0.0038703906431720586+0.010043453697273618j;0.015837005980036924-0.05365970145556098j;-0.006540145181281213+0.035936109930479215j
28.346624999999996;0.0041071861631691246+0.0089252158979847j;0.01544900305961888-0.05141211176386365j;-0.0063006623628613576+0.034415862391497756j
28.471499999999995;0.004311667037244348+0.007921667053244978j;0.015113102405300087-0.04936294651235025j;-0.006094323844997153+0.033026335173214974j
28.596375;0.0044894177378143815+0.007017573939706569j;0.014820295237529127-0.04748656634534615j;-0.005915376428199522+0.031750839507180044j
28.721249999999998;0.004644858721466577+0.006200203533229778j;0.014563441999505402-0.045761499224202515j;-0.005759255802721987+0.03057538165032267j
28.846124999999997;0.00478151212880757+0.005458881720593205j;0.014336837906381746-0.04416972471736813j;-0.005622309765447837+0.029488210647841663j
28.970999999999997;0.004902254902157428+0.004784605036561699j;0.01413587803968955-0.04269601916101062j;-0.005501611448175216+0.028479390320084935j
29.095874999999996;0.0050094532305324495+0.004169634821701088j;0.013956742793524692-0.04132727959401332j;-0.005394720446971009+0.027540363836203445j
29.220749999999995;0.0051050018476563805+0.0036073662036746994j;0.013796387260268083-0.04005230616175014j;-0.0052996964019648846+0.02666381083814451j
29.345625;0.0051905270340322565+0.003092144167029562j;0.013652167382004345-0.0388614926720474j;-0.005214844396153514+0.02584344549209068j
29.470499999999998;0.005267332072430525+0.002619039835069302j;0.013522037865420658-0.037746444846903635j;-0.005138879303799726+0.025073769343963975j
29.595374999999997;0.005336564679576701+0.0021837889854159076j;0.013404110614009916-0.03669987994959815j;-0.005070582930962121+0.024350002985016342j
29.720249999999997;0.005399165963093833+0.0017826515334244536j;0.013296892495219653-0.0357154205830596j;-0.005009012161251684+0.023667967153207462j
29.845124999999996;0.00545593442868165+0.0014123405096433256j;0.013199102944820072-0.03478742037701455j;-0.0049533526846302035+0.023023945852430533j
29.969999999999995;0.0055075503819966894+0.0010699870964121436j;0.013109658401980832-0.03391096003920396j;-0.0049029184804987875+0.02241470485106833j
30.094875;0.005554614101547459+0.0007530304058892684j;0.01302756765078794-0.03308162501202483j;-0.004857070276544532+0.021837335275060647j
30.219749999999998;0.005597609124220465+0.0004592245446542534j;0.012952086415824491-0.032295547897244016j;-0.004815345994561265+0.021289289449631675j
30.344624999999997;0.005636999306405295+0.00018655756000841156j;0.012882444040763772-0.03154922635097579j;-0.004777246567894217+0.020768245821489964j
30.469499999999996;0.005673155831691078-6.676604078013904e-05j;0.012818073196683403-0.030839557394894256j;-0.00474242418444825+0.020272158598267396j
30.594374999999996;0.00570642778981843-0.0003023583544363023j;0.012758393895373941-0.030163728090730396j;-0.004710502616306892+0.01979916334826786j
30.719249999999995;0.005737079952995207-0.0005216546936768346j;0.012702984013682776-0.029519228209772905j;-0.004681214138944021+0.019347591902515577j
30.844125;0.005765387210296244-0.0007259585665481197j;0.012651408684576192-0.028903774017022914j;-0.004654288793176819+0.018915928748723373j
30.968999999999998;0.005791554144125629-0.0009164206275053058j;0.012603327178568643-0.02831535257415594j;-0.004629502593697977+0.0185028387566345j
31.093874999999997;0.005815838840784682-0.0010941268767687973j;0.012558346270062724-0.027752042665835336j;-0.004606619419915826+0.018107038679715526j
31.218749999999996;0.005838330412068905-0.0012599922017909326j;0.012516330555080682-0.027212203237831783j;-0.004585551913063026+0.017727425901095745j
31.343624999999996;0.005859253839248985-0.0014149140360191284j;0.012476869610056722-0.02669426204384546j;-0.004566026034376322+0.017362959256582676j
31.468499999999995;0.005878723928508578-0.0015596934290556391j;0.012439819142531873-0.02619679189047488j;-0.004547962720898462+0.017012682665761128j
31.593374999999998;0.005896863338218629-0.0016950360657156244j;0.012404969947188895-0.025718513678175188j;-0.004531227841289946+0.016675731242114286j
31.718249999999998;0.005913786169686054-0.0018216079180899125j;0.012372149244260514-0.02525823221193229j;-0.004515717088681495+0.016351306194995113j
31.843124999999997;0.005929589986755766-0.001939997689572287j;0.012341189388586712-0.024814908655226245j;-0.0045013185435616235+0.016038714511419333j
31.967999999999996;0.0059443784532609845-0.002050761858054806j;0.012311930470910431-0.02438747931585645j;-0.004487937571948125+0.01573722041939149j
32.092875;0.005958211129926422-0.0021544209978699713j;0.012284261434189384-0.02397507717575911j;-0.004475495620668041+0.015446267587675921j
32.217749999999995;0.0059711817575460735-0.0022514070193822844j;0.012258054817900293-0.023576823155139634j;-0.004463923519275437+0.0151652296096665j
32.342625;0.00598337411708294-0.0023421917131346004j;0.012233156785049423-0.02319191966403341j;-0.0044531179279470035+0.01489358985074743j
32.467499999999994;0.005994801040259873-0.002427144446294993j;0.012209555513624761-0.02281965693288348j;-0.00444307381055295+0.014630856492112099j
32.592375;0.006005543417085868-0.0025066420526343447j;0.012187120574900427-0.022459325279594263j;-0.00443371018115786+0.014376545205373015j
32.71724999999999;0.006015656620925333-0.00258101398679339j;0.012165751042064464-0.022110339572166692j;-0.004424960911135527+0.01413026452715263j
32.842124999999996;0.006025173061725741-0.0026505500026752365j;0.012145410763485198-0.021772124075029323j;-0.004416808329412821+0.013891611243856919j
32.967;0.00603415351290152-0.0027155839483200828j;0.01212600268164266-0.02144407878892594j;-0.004409192421652455+0.01366018592829274j
33.091874999999995;0.006042630240662691-0.002776369117488922j;0.012107444954922377-0.021125711939991753j;-0.004402052505617577+0.013435645642905655j
33.21675;0.006050613368773463-0.0028331438579194124j;0.01208975841050582-0.020816576298747707j;-0.00439541446108567+0.013217686111755556j
33.34162499999999;0.006058164083856923-0.002886157099755128j;0.01207281319899716-0.020516188459131984j;-0.004389186972984224+0.013005972989993238j
33.466499999999996;0.006065304253311128-0.0029356064942342927j;0.012056593436357059-0.020224174027574916j;-0.004383368221393754+0.012800248876465511j
33.591375;0.0060720411035302315-0.002981694656058076j;0.012041077635282837-0.019940132398725444j;-0.00437793987766089+0.012600235573828736j
33.716249999999995;0.006078436117657508-0.003024615538383839j;0.012026168792256025-0.019663689849062915j;-0.00437284519571847+0.012405674977019755j
33.841125;0.006084485951016336-0.003064549818994594j;0.012011887021715406-0.019394505218539408j;-0.0043681006817992245+0.012216335206075304j
33.965999999999994;0.006090223214837794-0.0031016606183920242j;0.011998156616926369-0.019132258565431336j;-0.004363653458615743+0.012031994954577685j
34.090875;0.006095650264919956-0.0031360981180667408j;0.011984972653999582-0.018876654067995442j;-0.004359497232590879+0.011852448292784916j
34.21574999999999;0.006100796087628191-0.003167990626602047j;0.011972294141645636-0.018627402001318967j;-0.0043556113095324644+0.011677481775179153j
34.340624999999996;0.006105698116947481-0.0031974867783452696j;0.011960073565154928-0.018384242107914842j;-0.0043519726063329725+0.011506927271814599j
34.4655;0.006110346068029229-0.0032247151643395103j;0.011948306282269483-0.01814690104754189j;-0.004348568306261757+0.0113405869473676j
34.590374999999995;0.006114761512631597-0.003249793433296389j;0.011936975662200585-0.017915146786012304j;-0.004345396953206182+0.01117830230391767j
34.71525;0.006118955829330735-0.003272835947229308j;0.01192604652531427-0.01768875214141523j;-0.004342431226649922+0.011019914875249536j
34.84012499999999;0.006122936974416655-0.0032939327024345422j;0.011915509783515474-0.017467513556983547j;-0.004339667088255658+0.010865276607624041j
34.964999999999996;0.006126731982061661-0.003313176565258154j;0.011905328319524249-0.017251248860473512j;-0.004337083668307581+0.010714260939894901j
35.089875;0.006130351663228373-0.0033306845419315972j;0.011895476797030076-0.017039717165221985j;-0.00433466433326354+0.010566699851266202j
35.214749999999995;0.006133800162722873-0.003346538869931158j;0.011885950949168876-0.016832753904390978j;-0.004332407369897552+0.010422479093955737j
35.339625;0.006137079482004935-0.0033608159051033253j;0.011876740902574196-0.016630187079109147j;-0.00433030452043426+0.01028147218257544j
35.464499999999994;0.006140199297262056-0.0033735920149165453j;0.01186784661964323-0.01643186038293506j;-0.004328362796438209+0.010143571745893833j
35.589375;0.006143172204645372-0.0033849415637668447j;0.011859221584873639-0.01623761502532159j;-0.004326543696967762+0.0100086650011054j
35.71424999999999;0.006146018128147534-0.0033949269376839213j;0.011850856964911026-0.01604730893413118j;-0.004324851484419027+0.009876647309225304j
35.839124999999996;0.006148716979813323-0.003403629169611122j;0.011842776205537359-0.01586078771028082j;-0.004323297230292235+0.009747415550373579j
35.964;0.006151292827523755-0.003411089216157936j;0.0118349375393535-0.015677934934342594j;-0.004321855962683393+0.009620879215476857j
36.088874999999994;0.006153758379447656-0.0034173735133996644j;0.011827320060559109-0.015498622324694268j;-0.004320513395391798+0.009496951600744388j
36.21375;0.00615610955379394-0.0034225374727840843j;0.011819926740901456-0.015322716946203394j;-0.004319271653569463+0.009375533344554422j
36.33862499999999;0.006158357554767453-0.003426641622950038j;0.01181275292051702-0.015150099997177618j;-0.004318133200246338+0.00925654567437606j
36.463499999999996;0.0061605115965759375-0.003429727402285955j;0.011805765382129307-0.014980667355701124j;-0.004317071371883332+0.00913990859642631j
36.588375;0.006162559795354043-0.003431852961755688j;0.011798994322163598-0.014814293368462772j;-0.004316109250132705+0.00902553531539781j
36.713249999999995;0.00616451621914792-0.003433047985160891j;0.011792404218890218-0.014650903657046972j;-0.004315221331594869+0.008913368480286569j
36.838125;0.0061663872417447654-0.003433351389015624j;0.011786002462375015-0.0144904103885924j;-0.0043144189663607965+0.008803346964481429j
36.962999999999994;0.006168182696646954-0.0034328162410611884j;0.011779763631396864-0.014332695985873941j;-0.004313683005441886+0.008695386211280125j
37.087875;0.006169893183763483-0.0034314822906650645j;0.011773703167954432-0.014177664985408j;-0.00431302452133008+0.008589416660985616j
37.21274999999999;0.006171537854278927-0.00342938456301509j;0.011767782470459927-0.01402525005136618j;-0.004312417222609114+0.008485394074371218j
37.337624999999996;0.006173102830057094-0.0034265366915492094j;0.01176202450883814-0.013875390918511405j;-0.004311875426755742+0.008383265811579554j
37.4625;0.0061746043467424214-0.003422985913822226j;0.011756417387735075-0.01372798971128192j;-0.004311397652796315+0.008282965414225626j
37.587374999999994;0.006176030898017836-0.0034187764609123505j;0.01175096708657494-0.013582943024717763j;-0.004310983309124824+0.008184419250107301j
37.71225;0.00617740805094978-0.003413916988983849j;0.011745633496718113-0.01344021640373888j;-0.004310610035632958+0.008087597482129543j
37.83712499999999;0.006178722270438936-0.0034084513143703508j;0.011740437387036467-0.013299731403620183j;-0.004310289519505897+0.007992451285231043j
37.961999999999996;0.006179974090910541-0.0034024001315264155j;0.011735375920339495-0.01316140759829645j;-0.004310020092713085+0.007898913882309955j
38.086875;0.006181181085838885-0.0033957786041357613j;0.011730420183031803-0.013025222399056327j;-0.004309784372186504+0.007806971813956055j
38.211749999999995;0.006182322505355064-0.0033886237986891932j;0.011725615444450244-0.012891072249779836j;-0.004309614089681155+0.007716548353530528j
38.336625;0.00618343375882722-0.0033809601333890005j;0.011720887409082139-0.012758913100486262j;-0.00430946010210201+0.007627614621035686j
38.461499999999994;0.006184488415933079-0.0033727968453598246j;0.01171628916344199-0.012628699267076054j;-0.004309356377889158+0.00754013108869073j
38.586375;0.006185499546172384-0.0033641705399711876j;0.01171179266254857-0.012500356562584872j;-0.004309286345925147+0.0074540489046384245j
38.71124999999999;0.006186467626417978-0.003355088399294574j;0.011707393320898651-0.012373857332354767j;-0.004309244252179023+0.007369345511565848j
38.836124999999996;0.006187396907046048-0.003345578701646035j;0.01170310007035194-0.012249126519790727j;-0.0043092425872934634+0.00728596459530137j
38.961;0.0061882878300320715-0.0033356521821663195j;0.0116988968972421-0.01212613932732002j;-0.0043092668354530305+0.0072038895260720555j
39.085874999999994;0.0061891396958456465-0.0033253364293101754j;0.011694786916460977-0.012004821833580733j;-0.004309319138056282+0.007123065424990142j
39.21075;0.006189956007625894-0.0033146375883724892j;0.01169076948257022-0.011885159093466473j;-0.0043094022396998125+0.007043480967556349j
39.33562499999999;0.006190734455789062-0.0033035822418929247j;0.011686844692960056-0.011767082953751676j;-0.004309515058160847+0.0069650874960013945j
39.460499999999996;0.006191477657004813-0.003292168871061655j;0.011683006013166406-0.011650574632904408j;-0.004309652493885141+0.006887866325546509j
39.585375;0.006192202381224345-0.0032804273120447492j;0.01167922392638724-0.011535578366432722j;-0.004309796807908656+0.006811780686586735j
39.710249999999995;0.0061928910922884-0.0032683714708070487j;0.011675533973984267-0.011422046619871454j;-0.004309972792858073+0.006736793325003074j
39.835125;0.006193545109963169-0.0032560077911457444j;0.011671931455101089-0.011309964340651565j;-0.004310176625181497+0.006662895289318026j
39.959999999999994;0.006194177171903872-0.00324335191971233j;0.011668389688591236-0.011199274959973995j;-0.004310390480288822+0.006590040307010242j
40.084875;0.0061947764980781455-0.003230417290537228j;0.011664932676582073-0.0110899602109969j;-0.004310632122529253+0.006518220058720051j
40.20974999999999;0.0061953555554295735-0.0032172094131402264j;0.01166153927064405-0.010981977790380931j;-0.00431088803187701+0.006447397382252175j
40.334624999999996;0.006195910329814885-0.0032037493502888002j;0.011658215202660745-0.010875292344340632j;-0.004311162119286009+0.006377551102495393j
40.4595;0.006196437813713913-0.003190041859480291j;0.011654955209241955-0.010769879460618092j;-0.004311448306507048+0.006308661226838385j
40.584374999999994;0.0061969450710750475-0.003176092816755188j;0.011651760781484015-0.010665708026351604j;-0.0043117514714790875+0.006240701724948013j
40.70925;0.0061974312890987-0.0031619228884032183j;0.011648624395267754-0.010562741962127992j;-0.004312064793361705+0.006173650109649133j
40.83412499999999;0.006197892738932901-0.0031475375158565647j;0.011645555960359632-0.010460948428961543j;-0.004312396517950681+0.006107479564184521j
40.958999999999996;0.0061983371120670535-0.003132940049232308j;0.011642544608995753-0.010360317117383075j;-0.004312740785211348+0.006042181908983944j
41.08387499999999;0.006198758456097126-0.0031181453902339815j;0.011639591867509503-0.010260806635843054j;-0.004313095216076884+0.005977727390336515j
41.208749999999995;0.0061991643773271-0.0031031519504085593j;0.011636694241779391-0.010162403941628853j;-0.004313462102653058+0.0059141023586874765j
41.333625;0.006199555946479328-0.0030879810113453657j;0.011633838788852777-0.01006507022757755j;-0.00431382967344669+0.0058512837358637645j
41.458499999999994;0.006199928867806391-0.003072635335141115j;0.011631049073443804-0.009968786064273486j;-0.004314217395844596+0.005789254042379809j
41.583375;0.006200288621261088-0.00305712302772115j;0.011628298306437905-0.009873520537728716j;-0.004314605077656549+0.0057279896057559j
41.70824999999999;0.0062006301907202134-0.003041453286820711j;0.011625607658728611-0.009779254177952664j;-0.004315008758404135+0.00566747789946636j
41.833124999999995;0.006200953363428532-0.0030256295436163812j;0.011622965703186112-0.009685969121587958j;-0.00431541868546313+0.005607703768899311j
41.958;0.006201257356237746-0.003009654845240184j;0.011620377012388263-0.009593640060578754j;-0.0043158384199132975+0.0055486463403958755j
42.082874999999994;0.0062015541602834425-0.002993536433052231j;0.011617830740331972-0.009502257287425934j;-0.0043162657369529255+0.005490300673102806j
42.20775;0.006201840429834187-0.00297728366651559j;0.011615318608507168-0.009411789774131814j;-0.004316689944588337+0.005432644092381526j
42.33262499999999;0.006202112077159353-0.0029609038689788064j;0.01161286174349455-0.009322215116666144j;-0.0043171295645947835+0.0053756582723933355j
42.457499999999996;0.006202367254788835-0.002944401877252794j;0.011610445165618738-0.009233510763552999j;-0.004317569913890528+0.005319327115159471j
42.58237499999999;0.006202611286903265-0.002927781237828324j;0.01160807602780434-0.009145667693187753j;-0.004318020739446517+0.005263643505325807j
42.707249999999995;0.006202840855460639-0.002911043266015087j;0.011605743486839593-0.009058669344871643j;-0.004318470356340764+0.0052085933191495445j
42.832125;0.006203063882224486-0.00289419565240117j;0.011603458686729608-0.00897249151796535j;-0.004318934163409616+0.005154159510836129j
42.956999999999994;0.006203277771679016-0.0028772447540058657j;0.01160120068000417-0.008887120843027937j;-0.004319390893788921+0.005100332580692743j
43.081875;0.006203480845153517-0.0028602006043044192j;0.011598983296425162-0.00880252416380943j;-0.004319853023690222+0.00504708828052812j
43.20674999999999;0.006203670903359326-0.00284305280339886j;0.011596808735112818-0.008718716843097413j;-0.004320321639610304+0.0049944343162561244j
43.331624999999995;0.006203854830477543-0.0028258231873175416j;0.011594664143008436-0.00863564674939879j;-0.00432078883570608+0.0049423370748229445j
43.4565;0.00620402799412291-0.0028084993827872384j;0.01159256063305314-0.00855333026491728j;-0.004321262894033839+0.004890802851685638j
43.581374999999994;0.006204191344405863-0.002791096721398878j;0.011590491016933324-0.008471732967160972j;-0.004321737718679941+0.004839810733153538j
43.70625;0.006204347543036899-0.0027736111064187163j;0.011588455023356203-0.008390849537590617j;-0.004322214073428365+0.00478935251060475j
43.83112499999999;0.006204497452955921-0.0027560536909464473j;0.011586448337030403-0.008310654829903341j;-0.004322690063298277+0.004739411819212613j
43.955999999999996;0.006204635038600369-0.0027384226108944643j;0.011584483406967373-0.008231145771608772j;-0.004323172908847082+0.004689985843344874j
44.08087499999999;0.006204768567735872-0.002720723289319965j;0.011582545513050935-0.008152304183928871j;-0.0043236547060980235+0.004641060411463893j
44.205749999999995;0.006204895992970121-0.0027029556960565665j;0.011580639050737099-0.008074114340491552j;-0.004324138053203974+0.004592622252474601j
44.330625;0.00620501083297074-0.0026851278137105528j;0.011578765788820453-0.00799657016921091j;-0.004324621014054435+0.004544669552687633j
44.455499999999994;0.006205122924176227-0.00266724210648012j;0.011576917981794553-0.007919648006583707j;-0.004325102861442172+0.004497183478448637j
44.580375;0.00620523038049961-0.002649295164108525j;0.011575096850229071-0.007843353244746394j;-0.004325583086104513+0.004450166591333175j
44.70524999999999;0.0062053306985311914-0.0026312928455074387j;0.011573308695091994-0.0077676647298703175j;-0.004326066912418568+0.004403603524747741j
44.830124999999995;0.00620542578092059-0.0026132481668264887j;0.011571548746044035-0.007692550450550496j;-0.00432655087015027+0.004357471957741579j
44.955;0.006205511236841273-0.0025951515878724803j;0.011569820292087347-0.0076180252109489775j;-0.004327036348670868+0.0043117812419341435j
45.079874999999994;0.0062055930089292746-0.002577009460450537j;0.011568114993529362-0.007544069891619647j;-0.004327518574996579+0.0042665176843174404j
45.20475;0.006205661385583613-0.0025588169641863577j;0.011566448414056836-0.0074706839271801995j;-0.0043280072599109695+0.004221678442912272j
45.32962499999999;0.006205731881029138-0.0025405797949322392j;0.011564803260635272-0.007397847812009223j;-0.004328494620495844+0.004177249867989705j
45.454499999999996;0.006205800627295942-0.002522308805137024j;0.011563174548191309-0.007325544279625815j;-0.004328974240010452+0.004133221585333916j
45.57937499999999;0.006205863676001564-0.0025039969527015076j;0.011561569678025987-0.00725377233372642j;-0.004329450921515637+0.004089589532116947j
45.704249999999995;0.006205920524371552-0.0024856511563875767j;0.011559995732646109-0.007182513190864751j;-0.004329931218993208+0.004046340411080478j
45.829125;0.0062059737428896145-0.0024672734443807708j;0.011558441982886365-0.007111766518765699j;-0.004330407127346919+0.0040034759896768815j
45.95399999999999;0.006206018777111544-0.0024488598775788536j;0.011556922613219733-0.007041518180300266j;-0.004330889361954252+0.003960981673610574j
46.078875;0.006206066022588311-0.00243041554158808j;0.011555414129040407-0.006971763390079955j;-0.004331361672719188+0.003918856126779274j
46.20374999999999;0.0062061094574292815-0.0024119481685354175j;0.011553931722737628-0.006902482371866267j;-0.0043318352805908344+0.0038770859790113847j
46.328624999999995;0.006206142787885418-0.0023934535033270426j;0.0115524745516199-0.006833672886434645j;-0.004332306266592548+0.003835667394018011j
46.4535;0.006206177787008879-0.0023749279138299273j;0.011551034846545502-0.006765334745673554j;-0.004332773580356624+0.0037945983723035887j
46.578374999999994;0.006206206651614584-0.002356384556530096j;0.011549623186391503-0.0066974439400620325j;-0.0043332436470434575+0.003753864603725135j
46.70325;0.006206229883263493-0.002337815118919808j;0.011548232030299067-0.006630006732308021j;-0.004333709612849851+0.0037134687393508246j
46.82812499999999;0.00620625470510932-0.002319222065799896j;0.011546862004741653-0.006563004155397898j;-0.00433417598707981+0.0036733938998374134j
46.952999999999996;0.00620627362048589-0.00230061615432774j;0.011545513264049005-0.006496432909461549j;-0.004334639349948403+0.003633644606433832j
47.07787499999999;0.0062062883291061025-0.0022819885299246575j;0.011544184467454543-0.006430283622207718j;-0.004335099225866164+0.003594207249053162j
47.202749999999995;0.006206300278520216-0.0022633425940630936j;0.01154287687247265-0.006364551847832252j;-0.0043355573503448515+0.0035550804637293903j
47.327625;0.0062063096367108205-0.0022446825104742007j;0.011541590085575008-0.006299225561446775j;-0.004336015180716315+0.0035162552262809205j
47.45249999999999;0.006206313653802228-0.0022259996777784386j;0.01154033222371061-0.006234318908982316j;-0.004336478031182572+0.003477742869341751j
47.577374999999996;0.0062063255388570705-0.002207303584988078j;0.01153906833600082-0.006169798903461338j;-0.004336918600014084+0.003439516768991806j
47.70224999999999;0.006206338511237452-0.002188603866431397j;0.011537817785271392-0.006105651889690868j;-0.00433735377744949+0.003401568700048642j
47.827124999999995;0.006206341197882333-0.0021698962234478272j;0.011536601855968491-0.006041879039042072j;-0.004337797630281405+0.003363899651483717j
47.952;0.006206341523942333-0.002151172082380146j;0.011535401216899579-0.00597848401023594j;-0.00433823564532228+0.0033265087770403216j
48.076874999999994;0.00620633875457113-0.0021324416567350783j;0.011534225263392003-0.005915457102841283j;-0.004338676897821543+0.0032893936010027942j
48.20175;0.006206334137131826-0.0021136988620137995j;0.011533063986537574-0.0058527914251975885j;-0.004339112801694911+0.003252544634354133j
48.32662499999999;0.006206327920102542-0.002094953272833683j;0.011531919226172985-0.005790471695666315j;-0.004339544626383134+0.003215953955806065j
48.451499999999996;0.00620631440332272-0.0020761944447743683j;0.011530798818046032-0.005728511685676417j;-0.00433997717937575+0.0031796282488814644j
48.57637499999999;0.006206305479676105-0.002057427589579903j;0.011529687574383201-0.005666894237045639j;-0.004340403533370011+0.0031435561976656604j
48.701249999999995;0.006206295357205728-0.0020386602616255696j;0.011528591319088899-0.005605603182437524j;-0.0043408251027618975+0.0031077270593840717j
48.826125;0.006206281157930996-0.0020198861255930865j;0.011527517016710107-0.005544644522771008j;-0.004341247332759934+0.0030721432659863365j
48.95099999999999;0.006206265832426762-0.002001109127838338j;0.01152645541734807-0.005484008899125738j;-0.00434166360435824+0.0030367995476219614j
49.075874999999996;0.0062062527946161045-0.001982326517513691j;0.011525400199019577-0.005423694551988798j;-0.004342069400006657+0.0030016923632033184j
49.20074999999999;0.006206235291072313-0.001963543534778872j;0.011524374301288914-0.005363688677295317j;-0.004342483299463264+0.0029668139141846572j
49.325624999999995;0.006206218448564792-0.0019447588637019819j;0.01152335360801604-0.005303987898139774j;-0.004342885342715267+0.002932160677070187j
49.45049999999999;0.0062061949377933984-0.001925972485958799j;0.011522362934211786-0.005244592322521904j;-0.004343295038675142+0.002897734118432651j
49.575374999999994;0.0062061783280730805-0.0019071832309730322j;0.011521371146471691-0.005185493821920547j;-0.004343690558148105+0.002863525671328076j
49.70025;0.00620615171794536-0.0018883964376318393j;0.011520408466841792-0.005126682460309073j;-0.004344091269680899+0.002829530596123819j
49.82512499999999;0.006206125958249927-0.0018696065856009005j;0.011519449641934208-0.005068162349773173j;-0.004344478756255945+0.0027957492998318526j
49.949999999999996;0.006206103477415296-0.0018508157017273694j;0.011518509460486045-0.005009921793178947j;-0.004344870035677839+0.0027621725432053074j
50.07487499999999;0.006206081274419859-0.0018320311298894876j;0.011517579003518876-0.004951955543609669j;-0.004345253824372629+0.002728801486748457j
50.199749999999995;0.006206050835400886-0.0018132477742683162j;0.011516670840357126-0.0048942537602604435j;-0.004345637760000729+0.002695623249231284j
50.324625;0.006206030250933924-0.0017944618695565646j;0.011515755114946681-0.004836834068457642j;-0.004346005160967206+0.002662654137464541j
50.44949999999999;0.006205993599108835-0.001775674319208555j;0.011514890618995684-0.0047796917349082185j;-0.004346393816581218+0.002629888507163782j
50.574374999999996;0.006205965048963376-0.0017568985379086861j;0.011514023106872467-0.004722767495549087j;-0.004346768820372958+0.002597282647821714j
50.69924999999999;0.006205939361909961-0.0017381206479514127j;0.01151315915131857-0.0046661187005943286j;-0.004347133281059814+0.0025648801105259923j
50.824124999999995;0.006205911523013089-0.0017193521580897626j;0.011512309181301035-0.004609708188817143j;-0.004347494273251557+0.0025326545142203716j
50.94899999999999;0.006205877357474545-0.0017005846859717288j;0.01151148225250985-0.004553546226041882j;-0.004347857138639465+0.002500610858033575j
51.073874999999994;0.006205845073589431-0.0016818171889988083j;0.011510662625478396-0.0044976285607383135j;-0.004348213033282277+0.0024687450767241527j
51.19875;0.006205814842334418-0.0016630579884181918j;0.011509855975472136-0.004441941055029142j;-0.004348566747952124+0.0024370500099241688j
51.32362499999999;0.006205780685648084-0.0016443002985760628j;0.011509064052470847-0.004386493145959815j;-0.0043489169767234985+0.002405530309528843j
51.448499999999996;0.006205749412108311-0.0016255481157998078j;0.011508281529413182-0.0043312664964402885j;-0.004349262327839536+0.0023741727183670836j
51.57337499999999;0.006205716276783735-0.001606803720496999j;0.011507509461181564-0.004276266473631454j;-0.004349601310828013+0.002342983220655296j
51.698249999999994;0.006205685159191008-0.001588061215545726j;0.011506749200700803-0.004221484926894184j;-0.004349937889518982+0.002311951522815185j
51.823125;0.006205650567353254-0.0015693265471375005j;0.011506005345617947-0.0041669217258570816j;-0.004350272469953171+0.00228108214630403j
51.94799999999999;0.006205616202341431-0.001550597198444307j;0.011505273897935472-0.004112563622797719j;-0.004350604844329793+0.0022503611854208334j
52.072874999999996;0.006205582282580128-0.0015318738267468875j;0.01150454965398601-0.004058419677297056j;-0.004350929019382899+0.0022197987675372285j
52.19774999999999;0.006205547975557205-0.0015131545191382385j;0.011503840729068432-0.0040044791036796j;-0.004351253115789453+0.002189383342499171j
52.322624999999995;0.006205514469684023-0.0014944450318848859j;0.011503140380794023-0.0039507368559937115j;-0.004351571191655254+0.00215911527140452j
52.44749999999999;0.006205479511821913-0.0014757375633841652j;0.011502451880293155-0.0038971966680415755j;-0.004351885157327401+0.002128992865635022j
52.572374999999994;0.006205444803769598-0.001457040656427073j;0.011501775916241554-0.003843846053588059j;-0.004352196502086454+0.0020990111060205452j
52.69725;0.006205409843271965-0.0014383516302022177j;0.011501110075790166-0.003790685198515828j;-0.004352503073545712+0.0020691687678587108j
52.82212499999999;0.0062053742671959585-0.0014196662760878756j;0.011500456441517344-0.0037377106233577057j;-0.004352807019231555+0.0020394604065055097j
52.946999999999996;0.006205338556644971-0.0014009889029416404j;0.011499812795948208-0.0036849206931019313j;-0.00435310577863019+0.002009887831935057j
53.07187499999999;0.006205301748918241-0.0013823161723253326j;0.011499182621168443-0.003632313877432484j;-0.004353402945982346+0.0019804483904393606j
53.196749999999994;0.006205267648340446-0.0013636525933844188j;0.011498559334225156-0.0035798823619135594j;-0.004353694170386936+0.0019511383133706886j
53.321625;0.006205231490159795-0.0013449947099209072j;0.011497948601536112-0.003527624512670786j;-0.004353981825622934+0.001921953561179992j
53.44649999999999;0.006205197657634605-0.0013263484277098734j;0.01149734818253252-0.0034755333496083807j;-0.004354267179962142+0.0018928926714291859j
53.571374999999996;0.0062051603601251375-0.001307706271152169j;0.011496757801333059-0.00342360934147966j;-0.004354546040405706+0.0018639518242072317j
53.69624999999999;0.006205128263783697-0.0012890701335447601j;0.011496172547710109-0.0033718514269289483j;-0.004354819407796839+0.0018351315825862948j
53.821124999999995;0.006205091371990355-0.0012704456342983016j;0.011495602680449125-0.00332025625530379j;-0.004355090311814178+0.001806432995006245j
53.94599999999999;0.006205056833952479-0.0012518243124638754j;0.011495043129406734-0.0032688119626375495j;-0.004355359579278367+0.0017778400079559798j
54.070874999999994;0.006205024489849063-0.0012332139105259285j;0.011494494367563154-0.0032175304056310363j;-0.004355626888073831+0.00174937019671964j
54.19575;0.006204984698585029-0.0012146083051271387j;0.011493954891104177-0.003166395873606137j;-0.004355884320376144+0.0017210041399373208j
54.32062499999999;0.00620495373433047-0.0011960089255286322j;0.011493422940570118-0.0031154120761252976j;-0.004356141891154179+0.0016927476008089548j
54.445499999999996;0.006204920526505836-0.0011774197337290765j;0.011492900284597252-0.0030645734344579047j;-0.004356393034818932+0.0016645983923173693j
54.57037499999999;0.00620488569954402-0.0011588374715402984j;0.01149239125994349-0.00301387641843216j;-0.00435664285838914+0.001636551382399742j
54.695249999999994;0.006204850769320138-0.001140263414715523j;0.011491890296214767-0.002963319386307046j;-0.004356887370085908+0.0016086062903663536j
54.820125;0.006204820439830483-0.001121698774681064j;0.01149139500129863-0.0029128956071831245j;-0.004357127217877896+0.0015807589958524585j
54.94499999999999;0.006204784488028904-0.001103138336933149j;0.011490914291076269-0.0028626119036348208j;-0.004357364052289096+0.0015530122585085803j
55.069874999999996;0.006204748718780993-0.0010845855409649312j;0.011490441528579514-0.002812460549692289j;-0.004357595848333836+0.0015253620673791723j
55.19474999999999;0.00620472029593656-0.0010660391890072994j;0.011489979003826617-0.002762438390874494j;-0.004357828921158003+0.0014978053471116307j
55.319624999999995;0.006204686832684533-0.0010475062332545898j;0.011489521636510484-0.002712534135161904j;-0.004358050725401302+0.0014703357745102282j
55.44449999999999;0.006204651951591877-0.0010289741697250407j;0.0114890860676074-0.0026627598677621224j;-0.004358280376790878+0.0014429580336246337j
55.569374999999994;0.006204622401936294-0.0010104501939130713j;0.011488647356832807-0.0026131146281966108j;-0.004358497421048525+0.001415677169208292j
55.69425;0.006204589980811342-0.0009919369924837537j;0.011488215331862948-0.0025635798888700946j;-0.004358705080868233+0.0013884766924755331j
55.81912499999999;0.006204556824724006-0.0009734246701390212j;0.01148779272373026-0.0025141664073762412j;-0.004358908781961615+0.0013613602943117822j
55.943999999999996;0.006204530884259373-0.0009549241882018701j;0.011487384246471805-0.002464854406052413j;-0.004359118325211743+0.0013343184902170312j
56.06887499999999;0.006204500994328555-0.0009364318385622489j;0.011486982804039977-0.002415656197959029j;-0.004359319896616301+0.0013073601691052268j
56.193749999999994;0.006204468238086795-0.0009179438274077092j;0.011486590422345165-0.002366568688596909j;-0.004359515647749335+0.0012804809466471882j
56.31862499999999;0.006204440922632434-0.000899462467886001j;0.01148620924232109-0.002317590447395444j;-0.004359712972566383+0.0012536821554840465j
56.44349999999999;0.006204412349355513-0.0008809920970107923j;0.011485830413869918-0.0022687104945264417j;-0.00435989883398079+0.0012269556826302076j
56.568374999999996;0.00620438563571464-0.0008625178868820055j;0.011485468684408707-0.0022199299321770116j;-0.004360090534998124+0.0012002938562237636j
56.69324999999999;0.006204351729931426-0.0008440661486381271j;0.011485103451964879-0.002171246610223502j;-0.0043602616470821386+0.0011737126535084769j
56.818124999999995;0.006204325308360777-0.0008256114237108064j;0.011484757236137842-0.0021226655050433536j;-0.0043604433416502865+0.001147200456958083j
56.94299999999999;0.006204297938272502-0.0008071622853100605j;0.011484417573604074-0.002074179476384625j;-0.00436061885215688+0.0011207569567643072j
57.067874999999994;0.006204273003228199-0.000788719417988068j;0.011484081509076862-0.0020257818705382152j;-0.004360786813003656+0.0010943772435397306j
57.19275;0.006204250102540457-0.0007702868421405745j;0.011483753444852305-0.001977473819074548j;-0.0043609508648869005+0.0010680642857198094j
57.31762499999999;0.006204223218418847-0.0007518605482596669j;0.011483437257902912-0.0019292456213987107j;-0.004361112549958995+0.0010418073898048816j
57.442499999999995;0.006204196769405548-0.0007334386035442453j;0.01148313238129089-0.0018811043544939123j;-0.004361272815432811+0.001015613321123432j
57.56737499999999;0.006204173238236006-0.0007150224579513913j;0.01148283113094838-0.0018330516430588297j;-0.004361426893152394+0.0009894846379665187j
57.692249999999994;0.006204146446179349-0.0006966095372703263j;0.011482543402097152-0.0017850735267869937j;-0.004361579066187548+0.0009634067407885763j
57.81712499999999;0.006204126278046032-0.0006782051864285682j;0.011482254912039035-0.0017371751256949632j;-0.00436172321480769+0.0009373895239979252j
57.94199999999999;0.006204106006004618-0.0006598066755752058j;0.011481974353994699-0.001689350771283832j;-0.004361861957812808+0.0009114250474713988j
58.066874999999996;0.006204083389945054-0.000641416936817454j;0.011481706484857454-0.0016415935874435758j;-0.004362000489894159+0.0008855090180126743j
58.19174999999999;0.006204059489725839-0.0006230278249677954j;0.01148144728170574-0.0015939128163890487j;-0.004362134583766563+0.0008596476745075417j
58.316624999999995;0.006204038892333461-0.0006046436379033484j;0.011481197541580643-0.0015463022471693738j;-0.004362267530185409+0.0008338364431470825j
58.44149999999999;0.006204018671291825-0.0005862664904738944j;0.011480950425456056-0.001498757649889007j;-0.004362391765573681+0.000808074419196652j
58.566374999999994;0.006204000703998534-0.000567893033412945j;0.011480714130218148-0.0014512764372476786j;-0.004362515633584982+0.0007823567300808063j
58.69125;0.006203980092762621-0.0005495278764973454j;0.011480486643875085-0.0014038567234271465j;-0.004362634695601731+0.0007566856800111099j
58.81612499999999;0.006203957192897556-0.0005311652015192901j;0.011480270232976784-0.0013564917169989529j;-0.004362751068748033+0.0007310510818204496j
58.940999999999995;0.00620394117113866-0.0005128030372139273j;0.011480052552147877-0.0013091993971676872j;-0.004362859321154117+0.0007054704213691233j
59.06587499999999;0.006203924220118905-0.000494447964838573j;0.011479848005158682-0.001261952316273191j;-0.004362966936059547+0.0006799211293669286j
59.190749999999994;0.006203907478897927-0.00047610003100926907j;0.011479650313050748-0.0012147617477453986j;-0.004363070262350061+0.0006544148143426687j
59.31562499999999;0.006203890039788855-0.00045775351154535206j;0.011479462040294493-0.0011676179159181817j;-0.0043631705022483536+0.00062893994506707j
59.44049999999999;0.006203876004751507-0.0004394108421702115j;0.01147927914704036-0.001120533164151373j;-0.004363266246676248+0.0006035093773657883j
59.565374999999996;0.0062038575493343195-0.00042107537887507533j;0.011479105776278187-0.0010734844441979956j;-0.00436335667479586+0.0005781042636291076j
59.69024999999999;0.006203844818679207-0.00040273761283464264j;0.01147893721510523-0.0010264909480598525j;-0.004363444033180348+0.0005527373847458257j
59.815124999999995;0.006203834381495666-0.00038440687521275113j;0.011478775243133201-0.0009795377705225919j;-0.004363527212056935+0.0005274010325756681j
59.93999999999999;0.006203817850926635-0.00036608351901138477j;0.011478626440683154-0.0009326208020340974j;-0.004363607367524456+0.0005020924518054411j
60.064874999999994;0.0062038056374498695-0.00034775939051078257j;0.01147848042468736-0.0008857469016849617j;-0.004363682895415405+0.0004768128515675058j
60.18975;0.00620379506386266-0.0003294369849836977j;0.011478341588872952-0.0008389126294899105j;-0.004363753195583306+0.00045156135429435043j
60.31462499999999;0.006203781669572375-0.0003111215910448547j;0.011478215287976774-0.0007921088086284616j;-0.004363822972465494+0.00042633288671831485j
60.439499999999995;0.0062037686501341905-0.00029280495466064635j;0.011478096258227202-0.0007453416642848841j;-0.004363888938714897+0.00040112975040264634j
60.56437499999999;0.006203758674450713-0.0002744905962519641j;0.011477984412907897-0.0006986095051748206j;-0.004363951627796455+0.0003759524965153867j
60.689249999999994;0.006203748625989222-0.00025618005948600505j;0.0114778750300167-0.000651905582616164j;-0.004364005300925268+0.00035079589888655643j
60.81412499999999;0.006203737968418429-0.00023786995428625715j;0.011477780070061578-0.0006052270816935485j;-0.004364060757683176+0.00032565603198699174j
60.93899999999999;0.006203732891483596-0.00021956393424186387j;0.011477681950267047-0.0005585749862272223j;-0.004364105524076512+0.00030053678483626077j
61.063874999999996;0.0062037259534506685-0.0002012631587772879j;0.01147759615329985-0.0005119400313603317j;-0.004364149303186881+0.0002754298479559318j
61.18874999999999;0.006203715868578715-0.00018295966883739596j;0.01147753084562122-0.00046533379743452646j;-0.004364199911940883+0.0002503430172997364j
61.313624999999995;0.006203710533861303-0.00016466051509820417j;0.011477452608655188-0.00041874094746616186j;-0.004364229660122579+0.00022526622727879128j
61.43849999999999;0.006203703121847793-0.00014635987872297978j;0.0114773957230333-0.0003721749125890619j;-0.004364266615951315+0.00020020878911926245j
61.56337499999999;0.006203698333694357-0.00012805958037950729j;0.011477336640847801-0.00032562110516075413j;-0.004364292101215632+0.0001751587236361934j
61.68825;0.006203697458361113-0.00010976343000653963j;0.011477287781452676-0.00027907710860755174j;-0.004364318204065413+0.00015011668936070963j
61.81312499999999;0.0062036934868899465-9.146952108532035e-05j;0.011477245894305505-0.00023254631971509395j;-0.004364338065968106+0.00012508522011213125j
61.937999999999995;0.006203689002275862-7.317327010094177e-05j;0.011477216162644016-0.00018602525748122843j;-0.004364357491794122+0.00010005874390852688j
62.06287499999999;0.006203686474886301-5.488199276757269e-05j;0.011477189072685778-0.0001395060422526729j;-0.004364369794026891+7.503536438874508e-05j
62.187749999999994;0.006203687985213349-3.658647714448074e-05j;0.011477161227223323-9.300377753833616e-05j;-0.004364372766350901+5.002316033770465e-05j
62.31262499999999;0.006203686267154886-1.8292769071555403e-05j;0.011477157983785227-4.6504585970483237e-05j;-0.0043643850849346385+2.5014040145153113e-05j
